#
# There is insufficient memory for the Java Runtime Environment to continue.
# Native memory allocation (malloc) failed to allocate 1045456 bytes. Error detail: Chunk::new
# Possible reasons:
#   The system is out of physical RAM or swap space
#   This process is running with CompressedOops enabled, and the Java Heap may be blocking the growth of the native heap
# Possible solutions:
#   Reduce memory load on the system
#   Increase physical memory or swap space
#   Check if swap backing store is full
#   Decrease Java heap size (-Xmx/-Xms)
#   Decrease number of Java threads
#   Decrease Java thread stack sizes (-Xss)
#   Set larger code cache with -XX:ReservedCodeCacheSize=
#
#  
#
Command Line: --add-opens=java.base/java.lang=ALL-UNNAMED --add-opens=java.base/java.lang.invoke=ALL-UNNAMED --add-opens=java.base/java.util=ALL-UNNAMED --add-opens=java.prefs/java.util.prefs=ALL-UNNAMED --add-exports=jdk.compiler/com.sun.tools.javac.api=ALL-UNNAMED --add-exports=jdk.compiler/com.sun.tools.javac.util=ALL-UNNAMED --add-opens=java.base/java.util=ALL-UNNAMED --add-opens=java.prefs/java.util.prefs=ALL-UNNAMED --add-opens=java.base/java.nio.charset=ALL-UNNAMED --add-opens=java.base/java.net=ALL-UNNAMED --add-opens=java.base/java.util.concurrent=ALL-UNNAMED --add-opens=java.base/java.util.concurrent.atomic=ALL-UNNAMED --add-opens=java.xml/javax.xml.namespace=ALL-UNNAMED -XX:MaxMetaspaceSize=1024m -Xmx4096m -Dfile.encoding=windows-1252 -Duser.country=IN -Duser.language=en -Duser.variant -javaagent:C:\Users\Yuvarajsinh07\.gradle\wrapper\dists\gradle-9.0.0-bin\d6wjpkvcgsg3oed0qlfss3wgl\gradle-9.0.0\lib\agents\gradle-instrumentation-agent-9.0.0.jar org.gradle.launcher.daemon.bootstrap.GradleDaemon 9.0.0

Host: AMD Ryzen 5 7520U with Radeon Graphics         , 8 cores, 7G,  Windows 11 , 64 bit Build 26100 (10.0.26100.7920)
Time: Mon Apr  6 14:39:54 2026 India Standard Time elapsed time: 7866.559821 seconds (0d 2h 11m 6s)

---------------  T H R E A D  ---------------

Current thread (0x0000023b7e837e90):  JavaThread "C2 CompilerThread0" daemon [_thread_in_native, id=25352, stack(0x000000b56b600000,0x000000b56b700000)]


Current CompileTask:
C2:7866560 51472       4       com.android.tools.r8.graph.D5::a (133 bytes)

Stack: [0x000000b56b600000,0x000000b56b700000]
Native frames: (J=compiled Java code, j=interpreted, Vv=VM code, C=native code)
V  [jvm.dll+0x68c459]  (no source info available)
V  [jvm.dll+0x845e09]  (no source info available)
V  [jvm.dll+0x847b78]  (no source info available)
V  [jvm.dll+0x848203]  (no source info available)
V  [jvm.dll+0x24cf6f]  (no source info available)
V  [jvm.dll+0xaecb6]  (no source info available)
V  [jvm.dll+0xaf35c]  (no source info available)
V  [jvm.dll+0x2b4b8f]  (no source info available)
V  [jvm.dll+0x594484]  (no source info available)
V  [jvm.dll+0x226d84]  (no source info available)
V  [jvm.dll+0x21fae8]  (no source info available)
V  [jvm.dll+0x21d260]  (no source info available)
V  [jvm.dll+0x1a8ce6]  (no source info available)
V  [jvm.dll+0x22db1b]  (no source info available)
V  [jvm.dll+0x22bca6]  (no source info available)
V  [jvm.dll+0x7fb65b]  (no source info available)
V  [jvm.dll+0x7f5a5c]  (no source info available)
V  [jvm.dll+0x68d9f7]  (no source info available)
C  [ucrtbase.dll+0x37b0]  (no source info available)
C  [KERNEL32.DLL+0x2e8d7]  (no source info available)
C  [ntdll.dll+0x8c48c]  (no source info available)


---------------  P R O C E S S  ---------------

Threads class SMR info:
_java_thread_list=0x0000023b40d14f90, length=185, elements={
0x0000023b5dda01d0, 0x0000023b7e80f140, 0x0000023b7e80fc10, 0x0000023b7e8322c0,
0x0000023b7e832b90, 0x0000023b7e833fd0, 0x0000023b7e835410, 0x0000023b7e837e90,
0x0000023b7e8396e0, 0x0000023b7e83ab60, 0x0000023b7e7fdce0, 0x0000023b7f05dca0,
0x0000023b3b8b7fc0, 0x0000023b3c5ae6d0, 0x0000023b3b387f90, 0x0000023b3c4e4350,
0x0000023b3c4e75f0, 0x0000023b3c4e66c0, 0x0000023b3c4e3e40, 0x0000023b3c4e70e0,
0x0000023b3d161ee0, 0x0000023b3d162e10, 0x0000023b3e807d80, 0x0000023b3facf2e0,
0x0000023b3facedd0, 0x0000023b3facbb30, 0x0000023b3facc040, 0x0000023b3fabf0c0,
0x0000023b3fabb910, 0x0000023b3fac0f20, 0x0000023b3fabfae0, 0x0000023b3fac1e50,
0x0000023b4061cb40, 0x0000023b4061e490, 0x0000023b3bf96bd0, 0x0000023b49c9dd70,
0x0000023b49ca3890, 0x0000023b49ca3da0, 0x0000023b3d5e2f90, 0x0000023b3d162900,
0x0000023b50c83d30, 0x0000023b48695380, 0x0000023b50c84240, 0x0000023b3d5e34a0,
0x0000023b41181df0, 0x0000023b3e805f20, 0x0000023b3e808290, 0x0000023b4a21fe80,
0x0000023b4a222700, 0x0000023b4a21ef50, 0x0000023b4a21f970, 0x0000023b4a2217d0,
0x0000023b4a21f460, 0x0000023b4a220390, 0x0000023b4a2208a0, 0x0000023b3d5e5810,
0x0000023b3d5e5300, 0x0000023b3d5e4df0, 0x0000023b3d5e2570, 0x0000023b3d5e48e0,
0x0000023b3d5e43d0, 0x0000023b4a221ce0, 0x0000023b4a220db0, 0x0000023b4a2221f0,
0x0000023b493249b0, 0x0000023b3d5e2060, 0x0000023b3d5e2a80, 0x0000023b3d5e39b0,
0x0000023b3e8087a0, 0x0000023b3e808cb0, 0x0000023b4117fa80, 0x0000023b41180ec0,
0x0000023b411809b0, 0x0000023b411804a0, 0x0000023b411813d0, 0x0000023b3d5e3ec0,
0x0000023b4aeed500, 0x0000023b49324ec0, 0x0000023b3e805500, 0x0000023b3e806940,
0x0000023b3e805a10, 0x0000023b3e8096d0, 0x0000023b3e809be0, 0x0000023b3e806430,
0x0000023b3e806e50, 0x0000023b49dd8fb0, 0x0000023b49dd8590, 0x0000023b40875db0,
0x0000023b40873f50, 0x0000023b40874460, 0x0000023b40874970, 0x0000023b40874e80,
0x0000023b48695da0, 0x0000023b48694450, 0x0000023b48695890, 0x0000023b48694960,
0x0000023b48694e70, 0x0000023b3ee811f0, 0x0000023b3ee81700, 0x0000023b3ee82120,
0x0000023b40875390, 0x0000023b408758a0, 0x0000023b408762c0, 0x0000023b408767d0,
0x0000023b400393e0, 0x0000023b4003a310, 0x0000023b40039e00, 0x0000023b40037580,
0x0000023b3e80a0f0, 0x0000023b3e80a600, 0x0000023b3e80ab10, 0x0000023b3e807870,
0x0000023b3e80b020, 0x0000023b49323060, 0x0000023b493258e0, 0x0000023b4003a820,
0x0000023b40037070, 0x0000023b40038ed0, 0x0000023b40037a90, 0x0000023b40873020,
0x0000023b40873530, 0x0000023b40873a40, 0x0000023b3e80ce80, 0x0000023b3e80b530,
0x0000023b3e80c460, 0x0000023b3e80c970, 0x0000023b3f7f67c0, 0x0000023b3f7f7c00,
0x0000023b3f7f5890, 0x0000023b49dd8080, 0x0000023b505081f0, 0x0000023b50507ce0,
0x0000023b505077d0, 0x0000023b50508c10, 0x0000023b50508700, 0x0000023b505072c0,
0x0000023b40ec0080, 0x0000023b40ebdd10, 0x0000023b7efb4b40, 0x0000023b7efb5560,
0x0000023b7efb3700, 0x0000023b7efb5050, 0x0000023b3ee83a70, 0x0000023b3ee84490,
0x0000023b3ee81c10, 0x0000023b493253d0, 0x0000023b49325df0, 0x0000023b49326300,
0x0000023b49326810, 0x0000023b7efb1db0, 0x0000023b7efb27d0, 0x0000023b49bcf260,
0x0000023b40ebf660, 0x0000023b49bd0190, 0x0000023b7efb4120, 0x0000023b40037fa0,
0x0000023b3f7f71e0, 0x0000023b49323570, 0x0000023b49bd06a0, 0x0000023b49323f90,
0x0000023b4ab3a1a0, 0x0000023b48bfed60, 0x0000023b3f7f5380, 0x0000023b3f7f6cd0,
0x0000023b3f7f8110, 0x0000023b4ab38d60, 0x0000023b4ab3a6b0, 0x0000023b4ab39270,
0x0000023b4ab37920, 0x0000023b4ab36f00, 0x0000023b4ab38340, 0x0000023b4ab39c90,
0x0000023b7efb3c10, 0x0000023b40ebe730, 0x0000023b400389c0, 0x0000023b4ab39780,
0x0000023b3f7f76f0, 0x0000023b48bfd410, 0x0000023b40ebc8d0, 0x0000023b7efb31f0,
0x0000023b40ebec40, 0x0000023b50c7c9b0, 0x0000023b3ee82630, 0x0000023b47db3460,
0x0000023b47db39b0
}

Java Threads: ( => current thread )
  0x0000023b5dda01d0 JavaThread "main" [_thread_blocked, id=11152, stack(0x000000b56a900000,0x000000b56aa00000)]
  0x0000023b7e80f140 JavaThread "Reference Handler" daemon [_thread_blocked, id=26004, stack(0x000000b56b000000,0x000000b56b100000)]
  0x0000023b7e80fc10 JavaThread "Finalizer" daemon [_thread_blocked, id=11916, stack(0x000000b56b100000,0x000000b56b200000)]
  0x0000023b7e8322c0 JavaThread "Signal Dispatcher" daemon [_thread_blocked, id=19020, stack(0x000000b56b200000,0x000000b56b300000)]
  0x0000023b7e832b90 JavaThread "Attach Listener" daemon [_thread_blocked, id=7616, stack(0x000000b56b300000,0x000000b56b400000)]
  0x0000023b7e833fd0 JavaThread "Service Thread" daemon [_thread_blocked, id=24752, stack(0x000000b56b400000,0x000000b56b500000)]
  0x0000023b7e835410 JavaThread "Monitor Deflation Thread" daemon [_thread_blocked, id=33364, stack(0x000000b56b500000,0x000000b56b600000)]
=>0x0000023b7e837e90 JavaThread "C2 CompilerThread0" daemon [_thread_in_native, id=25352, stack(0x000000b56b600000,0x000000b56b700000)]
  0x0000023b7e8396e0 JavaThread "C1 CompilerThread0" daemon [_thread_in_native, id=13412, stack(0x000000b56b700000,0x000000b56b800000)]
  0x0000023b7e83ab60 JavaThread "Sweeper thread" daemon [_thread_blocked, id=28276, stack(0x000000b56b800000,0x000000b56b900000)]
  0x0000023b7e7fdce0 JavaThread "Common-Cleaner" daemon [_thread_blocked, id=31508, stack(0x000000b56b900000,0x000000b56ba00000)]
  0x0000023b7f05dca0 JavaThread "Notification Thread" daemon [_thread_blocked, id=30628, stack(0x000000b56ba00000,0x000000b56bb00000)]
  0x0000023b3b8b7fc0 JavaThread "Daemon health stats" [_thread_blocked, id=22272, stack(0x000000b56bd00000,0x000000b56be00000)]
  0x0000023b3c5ae6d0 JavaThread "Incoming local TCP Connector on port 56247" [_thread_in_native, id=24692, stack(0x000000b56bc00000,0x000000b56bd00000)]
  0x0000023b3b387f90 JavaThread "Daemon periodic checks" [_thread_blocked, id=11804, stack(0x000000b56c200000,0x000000b56c300000)]
  0x0000023b3c4e4350 JavaThread "Cache worker for journal cache (C:\Users\Yuvarajsinh07\.gradle\caches\journal-1)" [_thread_blocked, id=4880, stack(0x000000b56cb00000,0x000000b56cc00000)]
  0x0000023b3c4e75f0 JavaThread "File lock request listener" [_thread_in_native, id=24068, stack(0x000000b56cc00000,0x000000b56cd00000)]
  0x0000023b3c4e66c0 JavaThread "Cache worker for file hash cache (C:\Users\Yuvarajsinh07\.gradle\caches\9.0.0\fileHashes)" [_thread_blocked, id=23836, stack(0x000000b56cd00000,0x000000b56ce00000)]
  0x0000023b3c4e3e40 JavaThread "File watcher server" daemon [_thread_in_native, id=27128, stack(0x000000b56d400000,0x000000b56d500000)]
  0x0000023b3c4e70e0 JavaThread "File watcher consumer" daemon [_thread_blocked, id=21012, stack(0x000000b56d500000,0x000000b56d600000)]
  0x0000023b3d161ee0 JavaThread "Cache worker for file content cache (C:\Users\Yuvarajsinh07\.gradle\caches\9.0.0\fileContent)" [_thread_blocked, id=13424, stack(0x000000b56ca00000,0x000000b56cb00000)]
  0x0000023b3d162e10 JavaThread "jar transforms" [_thread_blocked, id=32592, stack(0x000000b56da00000,0x000000b56db00000)]
  0x0000023b3e807d80 JavaThread "Memory manager" [_thread_blocked, id=8516, stack(0x000000b56f800000,0x000000b56f900000)]
  0x0000023b3facf2e0 JavaThread "RMI Scheduler(0)" daemon [_thread_blocked, id=27516, stack(0x000000b572000000,0x000000b572100000)]
  0x0000023b3facedd0 JavaThread "RMI GC Daemon" daemon [_thread_blocked, id=22288, stack(0x000000b572200000,0x000000b572300000)]
  0x0000023b3facbb30 JavaThread "RMI TCP Accept-0" daemon [_thread_in_native, id=33252, stack(0x000000b572300000,0x000000b572400000)]
  0x0000023b3facc040 JavaThread "RMI Reaper" [_thread_blocked, id=29220, stack(0x000000b572400000,0x000000b572500000)]
  0x0000023b3fabf0c0 JavaThread "jar transforms Thread 2" [_thread_blocked, id=31040, stack(0x000000b572100000,0x000000b572200000)]
  0x0000023b3fabb910 JavaThread "jar transforms Thread 3" [_thread_blocked, id=22420, stack(0x000000b574600000,0x000000b574700000)]
  0x0000023b3fac0f20 JavaThread "jar transforms Thread 4" [_thread_blocked, id=4588, stack(0x000000b575000000,0x000000b575100000)]
  0x0000023b3fabfae0 JavaThread "jar transforms Thread 5" [_thread_blocked, id=5928, stack(0x000000b574e00000,0x000000b574f00000)]
  0x0000023b3fac1e50 JavaThread "jar transforms Thread 6" [_thread_blocked, id=8328, stack(0x000000b575100000,0x000000b575200000)]
  0x0000023b4061cb40 JavaThread "jar transforms Thread 7" [_thread_blocked, id=5060, stack(0x000000b574c00000,0x000000b574d00000)]
  0x0000023b4061e490 JavaThread "jar transforms Thread 8" [_thread_blocked, id=3560, stack(0x000000b575200000,0x000000b575300000)]
  0x0000023b3bf96bd0 JavaThread "Cache worker for Java compile cache (C:\Users\Yuvarajsinh07\.gradle\caches\9.0.0\javaCompile)" [_thread_blocked, id=16024, stack(0x000000b575600000,0x000000b575700000)]
  0x0000023b49c9dd70 JavaThread "RMI TCP Accept-0" daemon [_thread_in_native, id=31848, stack(0x000000b576000000,0x000000b576100000)]
  0x0000023b49ca3890 JavaThread "stderr" [_thread_in_native, id=23928, stack(0x000000b576100000,0x000000b576200000)]
  0x0000023b49ca3da0 JavaThread "stdout" [_thread_in_native, id=3336, stack(0x000000b576200000,0x000000b576300000)]
  0x0000023b3d5e2f90 JavaThread "ForkJoinPool.commonPool-worker-23" daemon [_thread_blocked, id=20708, stack(0x000000b56ed00000,0x000000b56ee00000)]
  0x0000023b3d162900 JavaThread "ForkJoinPool.commonPool-worker-25" daemon [_thread_blocked, id=17332, stack(0x000000b56ef00000,0x000000b56f000000)]
  0x0000023b50c83d30 JavaThread "ForkJoinPool.commonPool-worker-26" daemon [_thread_blocked, id=32192, stack(0x000000b56f000000,0x000000b56f100000)]
  0x0000023b48695380 JavaThread "ForkJoinPool.commonPool-worker-27" daemon [_thread_blocked, id=26976, stack(0x000000b56f100000,0x000000b56f200000)]
  0x0000023b50c84240 JavaThread "ForkJoinPool.commonPool-worker-28" daemon [_thread_blocked, id=33628, stack(0x000000b56f200000,0x000000b56f300000)]
  0x0000023b3d5e34a0 JavaThread "RMI TCP Connection(idle)" daemon [_thread_blocked, id=13796, stack(0x000000b56a700000,0x000000b56a800000)]
  0x0000023b41181df0 JavaThread "Daemon Thread 6" [_thread_blocked, id=33452, stack(0x000000b56c400000,0x000000b56c500000)]
  0x0000023b3e805f20 JavaThread "Handler for socket connection from /127.0.0.1:56247 to /127.0.0.1:49673" [_thread_in_native, id=20288, stack(0x000000b56c500000,0x000000b56c600000)]
  0x0000023b3e808290 JavaThread "Cancel handler" [_thread_blocked, id=32376, stack(0x000000b56c600000,0x000000b56c700000)]
  0x0000023b4a21fe80 JavaThread "Daemon worker Thread 6" [_thread_blocked, id=31480, stack(0x000000b56c700000,0x000000b56c800000)]
  0x0000023b4a222700 JavaThread "Asynchronous log dispatcher for DefaultDaemonConnection: socket connection from /127.0.0.1:56247 to /127.0.0.1:49673" [_thread_blocked, id=28856, stack(0x000000b56c800000,0x000000b56c900000)]
  0x0000023b4a21ef50 JavaThread "Stdin handler" [_thread_blocked, id=23088, stack(0x000000b56c900000,0x000000b56ca00000)]
  0x0000023b4a21f970 JavaThread "Daemon client event forwarder" [_thread_blocked, id=9816, stack(0x000000b56d200000,0x000000b56d300000)]
  0x0000023b4a2217d0 JavaThread "Cache worker for file hash cache (D:\Prolix\reactnative\Testing\test\android\.gradle\9.0.0\fileHashes)" [_thread_blocked, id=10756, stack(0x000000b56d300000,0x000000b56d400000)]
  0x0000023b4a21f460 JavaThread "Cache worker for Build Output Cleanup Cache (D:\Prolix\reactnative\Testing\test\android\.gradle\buildOutputCleanup)" [_thread_blocked, id=30744, stack(0x000000b56d600000,0x000000b56d700000)]
  0x0000023b4a220390 JavaThread "Cache worker for checksums cache (D:\Prolix\reactnative\Testing\test\android\.gradle\9.0.0\checksums)" [_thread_blocked, id=21144, stack(0x000000b56d700000,0x000000b56d800000)]
  0x0000023b4a2208a0 JavaThread "Cache worker for cache directory md-supplier (C:\Users\Yuvarajsinh07\.gradle\caches\9.0.0\md-supplier)" [_thread_blocked, id=12876, stack(0x000000b56d800000,0x000000b56d900000)]
  0x0000023b3d5e5810 JavaThread "Cache worker for cache directory md-rule (C:\Users\Yuvarajsinh07\.gradle\caches\9.0.0\md-rule)" [_thread_blocked, id=19688, stack(0x000000b56d900000,0x000000b56da00000)]
  0x0000023b3d5e5300 JavaThread "Cache worker for Build Output Cleanup Cache (D:\Prolix\reactnative\Testing\test\node_modules\@react-native\gradle-plugin\.gradle\buildOutputCleanup)" [_thread_blocked, id=26956, stack(0x000000b56dc00000,0x000000b56dd00000)]
  0x0000023b3d5e4df0 JavaThread "Unconstrained build operations" [_thread_blocked, id=28976, stack(0x000000b56dd00000,0x000000b56de00000)]
  0x0000023b3d5e2570 JavaThread "Unconstrained build operations Thread 2" [_thread_blocked, id=29280, stack(0x000000b56de00000,0x000000b56df00000)]
  0x0000023b3d5e48e0 JavaThread "Unconstrained build operations Thread 3" [_thread_blocked, id=23532, stack(0x000000b56df00000,0x000000b56e000000)]
  0x0000023b3d5e43d0 JavaThread "Unconstrained build operations Thread 4" [_thread_blocked, id=15548, stack(0x000000b56e000000,0x000000b56e100000)]
  0x0000023b4a221ce0 JavaThread "Unconstrained build operations Thread 5" [_thread_blocked, id=3108, stack(0x000000b56e100000,0x000000b56e200000)]
  0x0000023b4a220db0 JavaThread "Unconstrained build operations Thread 6" [_thread_blocked, id=20992, stack(0x000000b56e200000,0x000000b56e300000)]
  0x0000023b4a2221f0 JavaThread "Unconstrained build operations Thread 7" [_thread_blocked, id=12280, stack(0x000000b56e300000,0x000000b56e400000)]
  0x0000023b493249b0 JavaThread "Unconstrained build operations Thread 8" [_thread_blocked, id=21340, stack(0x000000b56e400000,0x000000b56e500000)]
  0x0000023b3d5e2060 JavaThread "Unconstrained build operations Thread 9" [_thread_blocked, id=6236, stack(0x000000b56e500000,0x000000b56e600000)]
  0x0000023b3d5e2a80 JavaThread "Unconstrained build operations Thread 10" [_thread_blocked, id=6376, stack(0x000000b56e600000,0x000000b56e700000)]
  0x0000023b3d5e39b0 JavaThread "Unconstrained build operations Thread 11" [_thread_blocked, id=27296, stack(0x000000b56e700000,0x000000b56e800000)]
  0x0000023b3e8087a0 JavaThread "Unconstrained build operations Thread 12" [_thread_blocked, id=8540, stack(0x000000b56e800000,0x000000b56e900000)]
  0x0000023b3e808cb0 JavaThread "Unconstrained build operations Thread 13" [_thread_blocked, id=2092, stack(0x000000b56e900000,0x000000b56ea00000)]
  0x0000023b4117fa80 JavaThread "Unconstrained build operations Thread 14" [_thread_blocked, id=5468, stack(0x000000b56ea00000,0x000000b56eb00000)]
  0x0000023b41180ec0 JavaThread "Unconstrained build operations Thread 15" [_thread_blocked, id=22784, stack(0x000000b56eb00000,0x000000b56ec00000)]
  0x0000023b411809b0 JavaThread "Unconstrained build operations Thread 16" [_thread_blocked, id=29048, stack(0x000000b56ec00000,0x000000b56ed00000)]
  0x0000023b411804a0 JavaThread "Unconstrained build operations Thread 17" [_thread_blocked, id=11688, stack(0x000000b56ee00000,0x000000b56ef00000)]
  0x0000023b411813d0 JavaThread "Unconstrained build operations Thread 18" [_thread_blocked, id=22136, stack(0x000000b56f300000,0x000000b56f400000)]
  0x0000023b3d5e3ec0 JavaThread "build event listener" [_thread_blocked, id=29148, stack(0x000000b56f400000,0x000000b56f500000)]
  0x0000023b4aeed500 JavaThread "ForkJoinPool.commonPool-worker-30" daemon [_thread_blocked, id=30476, stack(0x000000b56f500000,0x000000b56f600000)]
  0x0000023b49324ec0 JavaThread "included builds" [_thread_blocked, id=30556, stack(0x000000b56f700000,0x000000b56f800000)]
  0x0000023b3e805500 JavaThread "Execution worker" [_thread_blocked, id=26676, stack(0x000000b56f900000,0x000000b56fa00000)]
  0x0000023b3e806940 JavaThread "Execution worker Thread 2" [_thread_blocked, id=28108, stack(0x000000b56fa00000,0x000000b56fb00000)]
  0x0000023b3e805a10 JavaThread "Execution worker Thread 3" [_thread_blocked, id=18024, stack(0x000000b56fb00000,0x000000b56fc00000)]
  0x0000023b3e8096d0 JavaThread "Execution worker Thread 4" [_thread_blocked, id=25008, stack(0x000000b56fc00000,0x000000b56fd00000)]
  0x0000023b3e809be0 JavaThread "Execution worker Thread 5" [_thread_blocked, id=26776, stack(0x000000b56fd00000,0x000000b56fe00000)]
  0x0000023b3e806430 JavaThread "Execution worker Thread 6" [_thread_blocked, id=7544, stack(0x000000b56fe00000,0x000000b56ff00000)]
  0x0000023b3e806e50 JavaThread "Execution worker Thread 7" [_thread_blocked, id=26048, stack(0x000000b56ff00000,0x000000b570000000)]
  0x0000023b49dd8fb0 JavaThread "Cache worker for execution history cache (D:\Prolix\reactnative\Testing\test\node_modules\@react-native\gradle-plugin\.gradle\9.0.0\executionHistory)" [_thread_blocked, id=32292, stack(0x000000b570000000,0x000000b570100000)]
  0x0000023b49dd8590 JavaThread "Unconstrained build operations Thread 19" [_thread_blocked, id=30708, stack(0x000000b570200000,0x000000b570300000)]
  0x0000023b40875db0 JavaThread "Unconstrained build operations Thread 20" [_thread_blocked, id=31524, stack(0x000000b570300000,0x000000b570400000)]
  0x0000023b40873f50 JavaThread "Unconstrained build operations Thread 21" [_thread_blocked, id=24684, stack(0x000000b570400000,0x000000b570500000)]
  0x0000023b40874460 JavaThread "Unconstrained build operations Thread 22" [_thread_blocked, id=19448, stack(0x000000b570500000,0x000000b570600000)]
  0x0000023b40874970 JavaThread "Unconstrained build operations Thread 23" [_thread_blocked, id=11184, stack(0x000000b570600000,0x000000b570700000)]
  0x0000023b40874e80 JavaThread "Unconstrained build operations Thread 24" [_thread_blocked, id=23660, stack(0x000000b570700000,0x000000b570800000)]
  0x0000023b48695da0 JavaThread "Unconstrained build operations Thread 25" [_thread_blocked, id=27036, stack(0x000000b570800000,0x000000b570900000)]
  0x0000023b48694450 JavaThread "Unconstrained build operations Thread 26" [_thread_blocked, id=24388, stack(0x000000b570900000,0x000000b570a00000)]
  0x0000023b48695890 JavaThread "Unconstrained build operations Thread 27" [_thread_blocked, id=28616, stack(0x000000b570a00000,0x000000b570b00000)]
  0x0000023b48694960 JavaThread "Unconstrained build operations Thread 28" [_thread_blocked, id=25844, stack(0x000000b570b00000,0x000000b570c00000)]
  0x0000023b48694e70 JavaThread "Unconstrained build operations Thread 29" [_thread_blocked, id=25160, stack(0x000000b570c00000,0x000000b570d00000)]
  0x0000023b3ee811f0 JavaThread "Unconstrained build operations Thread 30" [_thread_blocked, id=28420, stack(0x000000b570d00000,0x000000b570e00000)]
  0x0000023b3ee81700 JavaThread "Unconstrained build operations Thread 31" [_thread_blocked, id=14900, stack(0x000000b570e00000,0x000000b570f00000)]
  0x0000023b3ee82120 JavaThread "Unconstrained build operations Thread 32" [_thread_blocked, id=19004, stack(0x000000b570f00000,0x000000b571000000)]
  0x0000023b40875390 JavaThread "Unconstrained build operations Thread 33" [_thread_blocked, id=4072, stack(0x000000b570100000,0x000000b570200000)]
  0x0000023b408758a0 JavaThread "Unconstrained build operations Thread 34" [_thread_blocked, id=10464, stack(0x000000b571000000,0x000000b571100000)]
  0x0000023b408762c0 JavaThread "Unconstrained build operations Thread 35" [_thread_blocked, id=26804, stack(0x000000b571100000,0x000000b571200000)]
  0x0000023b408767d0 JavaThread "Unconstrained build operations Thread 36" [_thread_blocked, id=5912, stack(0x000000b571200000,0x000000b571300000)]
  0x0000023b400393e0 JavaThread "Unconstrained build operations Thread 37" [_thread_blocked, id=27140, stack(0x000000b571300000,0x000000b571400000)]
  0x0000023b4003a310 JavaThread "Unconstrained build operations Thread 38" [_thread_blocked, id=19984, stack(0x000000b571400000,0x000000b571500000)]
  0x0000023b40039e00 JavaThread "Unconstrained build operations Thread 39" [_thread_blocked, id=33368, stack(0x000000b571500000,0x000000b571600000)]
  0x0000023b40037580 JavaThread "Unconstrained build operations Thread 40" [_thread_blocked, id=33016, stack(0x000000b571600000,0x000000b571700000)]
  0x0000023b3e80a0f0 JavaThread "Unconstrained build operations Thread 41" [_thread_blocked, id=27640, stack(0x000000b571700000,0x000000b571800000)]
  0x0000023b3e80a600 JavaThread "Unconstrained build operations Thread 42" [_thread_blocked, id=18244, stack(0x000000b571800000,0x000000b571900000)]
  0x0000023b3e80ab10 JavaThread "Unconstrained build operations Thread 43" [_thread_blocked, id=19888, stack(0x000000b571900000,0x000000b571a00000)]
  0x0000023b3e807870 JavaThread "Unconstrained build operations Thread 44" [_thread_blocked, id=21140, stack(0x000000b571a00000,0x000000b571b00000)]
  0x0000023b3e80b020 JavaThread "Unconstrained build operations Thread 45" [_thread_blocked, id=32400, stack(0x000000b571b00000,0x000000b571c00000)]
  0x0000023b49323060 JavaThread "Unconstrained build operations Thread 46" [_thread_blocked, id=23788, stack(0x000000b571c00000,0x000000b571d00000)]
  0x0000023b493258e0 JavaThread "Unconstrained build operations Thread 47" [_thread_blocked, id=5352, stack(0x000000b571d00000,0x000000b571e00000)]
  0x0000023b4003a820 JavaThread "Unconstrained build operations Thread 48" [_thread_blocked, id=17312, stack(0x000000b571e00000,0x000000b571f00000)]
  0x0000023b40037070 JavaThread "Unconstrained build operations Thread 49" [_thread_blocked, id=32588, stack(0x000000b571f00000,0x000000b572000000)]
  0x0000023b40038ed0 JavaThread "Unconstrained build operations Thread 50" [_thread_blocked, id=5636, stack(0x000000b572500000,0x000000b572600000)]
  0x0000023b40037a90 JavaThread "Unconstrained build operations Thread 51" [_thread_blocked, id=1384, stack(0x000000b572600000,0x000000b572700000)]
  0x0000023b40873020 JavaThread "Unconstrained build operations Thread 52" [_thread_blocked, id=12960, stack(0x000000b572700000,0x000000b572800000)]
  0x0000023b40873530 JavaThread "Unconstrained build operations Thread 53" [_thread_blocked, id=8752, stack(0x000000b572800000,0x000000b572900000)]
  0x0000023b40873a40 JavaThread "Unconstrained build operations Thread 54" [_thread_blocked, id=16744, stack(0x000000b572900000,0x000000b572a00000)]
  0x0000023b3e80ce80 JavaThread "Unconstrained build operations Thread 55" [_thread_blocked, id=7484, stack(0x000000b572a00000,0x000000b572b00000)]
  0x0000023b3e80b530 JavaThread "Unconstrained build operations Thread 56" [_thread_blocked, id=32188, stack(0x000000b572b00000,0x000000b572c00000)]
  0x0000023b3e80c460 JavaThread "Unconstrained build operations Thread 57" [_thread_blocked, id=17944, stack(0x000000b572c00000,0x000000b572d00000)]
  0x0000023b3e80c970 JavaThread "Unconstrained build operations Thread 58" [_thread_blocked, id=4108, stack(0x000000b572d00000,0x000000b572e00000)]
  0x0000023b3f7f67c0 JavaThread "Unconstrained build operations Thread 59" [_thread_blocked, id=20424, stack(0x000000b572e00000,0x000000b572f00000)]
  0x0000023b3f7f7c00 JavaThread "Unconstrained build operations Thread 60" [_thread_blocked, id=22372, stack(0x000000b572f00000,0x000000b573000000)]
  0x0000023b3f7f5890 JavaThread "Unconstrained build operations Thread 61" [_thread_blocked, id=7000, stack(0x000000b573000000,0x000000b573100000)]
  0x0000023b49dd8080 JavaThread "Unconstrained build operations Thread 62" [_thread_blocked, id=33248, stack(0x000000b573100000,0x000000b573200000)]
  0x0000023b505081f0 JavaThread "Unconstrained build operations Thread 63" [_thread_blocked, id=29108, stack(0x000000b573200000,0x000000b573300000)]
  0x0000023b50507ce0 JavaThread "Unconstrained build operations Thread 64" [_thread_blocked, id=11400, stack(0x000000b573300000,0x000000b573400000)]
  0x0000023b505077d0 JavaThread "Unconstrained build operations Thread 65" [_thread_blocked, id=21584, stack(0x000000b573400000,0x000000b573500000)]
  0x0000023b50508c10 JavaThread "Unconstrained build operations Thread 66" [_thread_blocked, id=7524, stack(0x000000b573500000,0x000000b573600000)]
  0x0000023b50508700 JavaThread "Unconstrained build operations Thread 67" [_thread_blocked, id=2656, stack(0x000000b573600000,0x000000b573700000)]
  0x0000023b505072c0 JavaThread "Unconstrained build operations Thread 68" [_thread_blocked, id=15652, stack(0x000000b573700000,0x000000b573800000)]
  0x0000023b40ec0080 JavaThread "build event listener" [_thread_blocked, id=3316, stack(0x000000b573800000,0x000000b573900000)]
  0x0000023b40ebdd10 JavaThread "Problems report writer" [_thread_blocked, id=32056, stack(0x000000b573900000,0x000000b573a00000)]
  0x0000023b7efb4b40 JavaThread "Unconstrained build operations Thread 69" [_thread_blocked, id=4568, stack(0x000000b573a00000,0x000000b573b00000)]
  0x0000023b7efb5560 JavaThread "Unconstrained build operations Thread 70" [_thread_blocked, id=31808, stack(0x000000b573b00000,0x000000b573c00000)]
  0x0000023b7efb3700 JavaThread "Unconstrained build operations Thread 71" [_thread_blocked, id=21252, stack(0x000000b573c00000,0x000000b573d00000)]
  0x0000023b7efb5050 JavaThread "Unconstrained build operations Thread 72" [_thread_blocked, id=23944, stack(0x000000b573d00000,0x000000b573e00000)]
  0x0000023b3ee83a70 JavaThread "Unconstrained build operations Thread 73" [_thread_blocked, id=4996, stack(0x000000b573e00000,0x000000b573f00000)]
  0x0000023b3ee84490 JavaThread "Unconstrained build operations Thread 74" [_thread_blocked, id=29868, stack(0x000000b573f00000,0x000000b574000000)]
  0x0000023b3ee81c10 JavaThread "Unconstrained build operations Thread 75" [_thread_blocked, id=33540, stack(0x000000b574000000,0x000000b574100000)]
  0x0000023b493253d0 JavaThread "Unconstrained build operations Thread 76" [_thread_blocked, id=21728, stack(0x000000b574100000,0x000000b574200000)]
  0x0000023b49325df0 JavaThread "Unconstrained build operations Thread 77" [_thread_blocked, id=19748, stack(0x000000b574200000,0x000000b574300000)]
  0x0000023b49326300 JavaThread "Unconstrained build operations Thread 78" [_thread_blocked, id=33168, stack(0x000000b574300000,0x000000b574400000)]
  0x0000023b49326810 JavaThread "Unconstrained build operations Thread 79" [_thread_blocked, id=1484, stack(0x000000b574400000,0x000000b574500000)]
  0x0000023b7efb1db0 JavaThread "Unconstrained build operations Thread 80" [_thread_blocked, id=7012, stack(0x000000b574500000,0x000000b574600000)]
  0x0000023b7efb27d0 JavaThread "Exec process Thread 19" [_thread_in_native, id=30940, stack(0x000000b574700000,0x000000b574800000)]
  0x0000023b49bcf260 JavaThread "Exec process Thread 20" [_thread_in_native, id=32692, stack(0x000000b574800000,0x000000b574900000)]
  0x0000023b40ebf660 JavaThread "Exec process Thread 21" [_thread_in_native, id=13712, stack(0x000000b574900000,0x000000b574a00000)]
  0x0000023b49bd0190 JavaThread "RMI TCP Connection(idle)" daemon [_thread_blocked, id=12936, stack(0x000000b574a00000,0x000000b574b00000)]
  0x0000023b7efb4120 JavaThread "RMI TCP Connection(52)-127.0.0.1" daemon [_thread_in_native, id=15240, stack(0x000000b574b00000,0x000000b574c00000)]
  0x0000023b40037fa0 JavaThread "Cache worker for execution history cache (D:\Prolix\reactnative\Testing\test\android\.gradle\9.0.0\executionHistory)" [_thread_blocked, id=19028, stack(0x000000b574d00000,0x000000b574e00000)]
  0x0000023b3f7f71e0 JavaThread "WorkerExecutor Queue" [_thread_blocked, id=20632, stack(0x000000b56a600000,0x000000b56a700000)]
  0x0000023b49323570 JavaThread "WorkerExecutor Queue Thread 3" [_thread_blocked, id=15508, stack(0x000000b56c300000,0x000000b56c400000)]
  0x0000023b49bd06a0 JavaThread "WorkerExecutor Queue Thread 4" [_thread_blocked, id=14212, stack(0x000000b574f00000,0x000000b575000000)]
  0x0000023b49323f90 JavaThread "WorkerExecutor Queue Thread 7" [_thread_blocked, id=31944, stack(0x000000b575c00000,0x000000b575d00000)]
  0x0000023b4ab3a1a0 JavaThread "WorkerExecutor Queue Thread 8" [_thread_blocked, id=13008, stack(0x000000b575d00000,0x000000b575e00000)]
  0x0000023b48bfed60 JavaThread "WorkerExecutor Queue Thread 9" [_thread_blocked, id=29120, stack(0x000000b575e00000,0x000000b575f00000)]
  0x0000023b3f7f5380 JavaThread "pool-13-thread-1" [_thread_blocked, id=26684, stack(0x000000b575a00000,0x000000b575b00000)]
  0x0000023b3f7f6cd0 JavaThread "stderr" [_thread_in_native, id=8144, stack(0x000000b575f00000,0x000000b576000000)]
  0x0000023b3f7f8110 JavaThread "stdout" [_thread_in_native, id=1000, stack(0x000000b576300000,0x000000b576400000)]
  0x0000023b4ab38d60 JavaThread "Build operations" [_thread_blocked, id=33204, stack(0x000000b576600000,0x000000b576700000)]
  0x0000023b4ab3a6b0 JavaThread "Build operations Thread 2" [_thread_blocked, id=28700, stack(0x000000b576700000,0x000000b576800000)]
  0x0000023b4ab39270 JavaThread "Build operations Thread 3" [_thread_blocked, id=22900, stack(0x000000b576800000,0x000000b576900000)]
  0x0000023b4ab37920 JavaThread "Build operations Thread 4" [_thread_blocked, id=6868, stack(0x000000b576900000,0x000000b576a00000)]
  0x0000023b4ab36f00 JavaThread "Build operations Thread 5" [_thread_blocked, id=28568, stack(0x000000b576a00000,0x000000b576b00000)]
  0x0000023b4ab38340 JavaThread "Build operations Thread 6" [_thread_blocked, id=17864, stack(0x000000b576b00000,0x000000b576c00000)]
  0x0000023b4ab39c90 JavaThread "Build operations Thread 7" [_thread_blocked, id=24420, stack(0x000000b576c00000,0x000000b576d00000)]
  0x0000023b7efb3c10 JavaThread "Build operations Thread 8" [_thread_blocked, id=15516, stack(0x000000b576d00000,0x000000b576e00000)]
  0x0000023b40ebe730 JavaThread "WorkerExecutor Queue Thread 11" [_thread_blocked, id=23148, stack(0x000000b575300000,0x000000b575400000)]
  0x0000023b400389c0 JavaThread "WorkerExecutor Queue Thread 12" [_thread_blocked, id=8816, stack(0x000000b56a800000,0x000000b56a900000)]
  0x0000023b4ab39780 JavaThread "ForkJoinPool-2-worker-1" daemon [_thread_blocked, id=20128, stack(0x000000b56f600000,0x000000b56f700000)]
  0x0000023b3f7f76f0 JavaThread "ForkJoinPool-2-worker-2" daemon [_thread_in_Java, id=7812, stack(0x000000b575b00000,0x000000b575c00000)]
  0x0000023b48bfd410 JavaThread "ForkJoinPool-2-worker-3" daemon [_thread_blocked, id=25232, stack(0x000000b576400000,0x000000b576500000)]
  0x0000023b40ebc8d0 JavaThread "ForkJoinPool-2-worker-4" daemon [_thread_blocked, id=11420, stack(0x000000b576500000,0x000000b576600000)]
  0x0000023b7efb31f0 JavaThread "ForkJoinPool-2-worker-5" daemon [_thread_blocked, id=27592, stack(0x000000b577200000,0x000000b577300000)]
  0x0000023b40ebec40 JavaThread "ForkJoinPool-2-worker-6" daemon [_thread_blocked, id=23000, stack(0x000000b577300000,0x000000b577400000)]
  0x0000023b50c7c9b0 JavaThread "ForkJoinPool-2-worker-7" daemon [_thread_in_Java, id=31072, stack(0x000000b577400000,0x000000b577500000)]
  0x0000023b3ee82630 JavaThread "ForkJoinPool-2-worker-8" daemon [_thread_blocked, id=6088, stack(0x000000b577500000,0x000000b577600000)]
  0x0000023b47db3460 JavaThread "C2 CompilerThread1" daemon [_thread_in_native, id=21048, stack(0x000000b577100000,0x000000b577200000)]
  0x0000023b47db39b0 JavaThread "C2 CompilerThread2" daemon [_thread_in_native, id=6024, stack(0x000000b577600000,0x000000b577700000)]

Other Threads:
  0x0000023b7e80ae40 VMThread "VM Thread" [stack: 0x000000b56af00000,0x000000b56b000000] [id=23984]
  0x0000023b7f0499a0 WatcherThread [stack: 0x000000b56bb00000,0x000000b56bc00000] [id=24280]
  0x0000023b5de0fe10 GCTaskThread "GC Thread#0" [stack: 0x000000b56aa00000,0x000000b56ab00000] [id=8664]
  0x0000023b7f2ce750 GCTaskThread "GC Thread#1" [stack: 0x000000b56be00000,0x000000b56bf00000] [id=15096]
  0x0000023b7f5756f0 GCTaskThread "GC Thread#2" [stack: 0x000000b56bf00000,0x000000b56c000000] [id=6176]
  0x0000023b3b8d7880 GCTaskThread "GC Thread#3" [stack: 0x000000b56c000000,0x000000b56c100000] [id=32540]
  0x0000023b3ba07040 GCTaskThread "GC Thread#4" [stack: 0x000000b56c100000,0x000000b56c200000] [id=20484]
  0x0000023b3cae3b40 GCTaskThread "GC Thread#5" [stack: 0x000000b56ce00000,0x000000b56cf00000] [id=25156]
  0x0000023b3cae2d30 GCTaskThread "GC Thread#6" [stack: 0x000000b56cf00000,0x000000b56d000000] [id=12896]
  0x0000023b3cae35a0 GCTaskThread "GC Thread#7" [stack: 0x000000b56d000000,0x000000b56d100000] [id=30048]
  0x0000023b5de21950 ConcurrentGCThread "G1 Main Marker" [stack: 0x000000b56ab00000,0x000000b56ac00000] [id=25132]
  0x0000023b5de22a20 ConcurrentGCThread "G1 Conc#0" [stack: 0x000000b56ac00000,0x000000b56ad00000] [id=1856]
  0x0000023b3cae43b0 ConcurrentGCThread "G1 Conc#1" [stack: 0x000000b56d100000,0x000000b56d200000] [id=29248]
  0x0000023b7e6c78b0 ConcurrentGCThread "G1 Refine#0" [stack: 0x000000b56ad00000,0x000000b56ae00000] [id=33072]
  0x0000023b3d484740 ConcurrentGCThread "G1 Refine#1" [stack: 0x000000b56db00000,0x000000b56dc00000] [id=32264]
  0x0000023b40912550 ConcurrentGCThread "G1 Refine#2" [stack: 0x000000b575400000,0x000000b575500000] [id=11640]
  0x0000023b411a63d0 ConcurrentGCThread "G1 Refine#3" [stack: 0x000000b575500000,0x000000b575600000] [id=28224]
  0x0000023b40288fb0 ConcurrentGCThread "G1 Refine#4" [stack: 0x000000b575700000,0x000000b575800000] [id=18164]
  0x0000023b3d524490 ConcurrentGCThread "G1 Refine#5" [stack: 0x000000b576e00000,0x000000b576f00000] [id=32948]
  0x0000023b402898b0 ConcurrentGCThread "G1 Refine#6" [stack: 0x000000b576f00000,0x000000b577000000] [id=5516]
  0x0000023b3b6d5640 ConcurrentGCThread "G1 Refine#7" [stack: 0x000000b577000000,0x000000b577100000] [id=19444]
  0x0000023b7e6c90b0 ConcurrentGCThread "G1 Service" [stack: 0x000000b56ae00000,0x000000b56af00000] [id=30908]

Threads with active compile tasks:
C2 CompilerThread0  7866639 51472       4       com.android.tools.r8.graph.D5::a (133 bytes)
C2 CompilerThread1  7866639 51477 %     4       com.android.tools.r8.dex.L::a @ 37 (315 bytes)
C2 CompilerThread2  7866639 51481   !   4       com.android.tools.r8.graph.t0::<init> (157 bytes)

VM state: not at safepoint (normal execution)

VM Mutex/Monitor currently owned by a thread: None

Heap address: 0x0000000700000000, size: 4096 MB, Compressed Oops mode: Zero based, Oop shift amount: 3

CDS archive(s) mapped at: [0x0000023b02000000-0x0000023b02bb0000-0x0000023b02bb0000), size 12255232, SharedBaseAddress: 0x0000023b02000000, ArchiveRelocationMode: 1.
Compressed class space mapped at: 0x0000023b03000000-0x0000023b37000000, reserved size: 872415232
Narrow klass base: 0x0000023b02000000, Narrow klass shift: 0, Narrow klass range: 0x100000000

GC Precious Log:
 CPUs: 8 total, 8 available
 Memory: 7379M
 Large Page Support: Disabled
 NUMA Support: Disabled
 Compressed Oops: Enabled (Zero based)
 Heap Region Size: 2M
 Heap Min Capacity: 8M
 Heap Initial Capacity: 116M
 Heap Max Capacity: 4G
 Pre-touch: Disabled
 Parallel Workers: 8
 Concurrent Workers: 2
 Concurrent Refinement Workers: 8
 Periodic GC: Disabled

Heap:
 garbage-first heap   total 2123776K, used 497254K [0x0000000700000000, 0x0000000800000000)
  region size 2048K, 27 young (55296K), 7 survivors (14336K)
 Metaspace       used 184969K, committed 187776K, reserved 1048576K
  class space    used 24029K, committed 25536K, reserved 851968K

Heap Regions: E=young(eden), S=young(survivor), O=old, HS=humongous(starts), HC=humongous(continues), CS=collection set, F=free, OA=open archive, CA=closed archive, TAMS=top-at-mark-start (previous, next)
|   0|0x0000000700000000, 0x0000000700200000, 0x0000000700200000|100%|HS|  |TAMS 0x0000000700200000, 0x0000000700200000| Complete 
|   1|0x0000000700200000, 0x0000000700400000, 0x0000000700400000|100%|HC|  |TAMS 0x0000000700400000, 0x0000000700400000| Complete 
|   2|0x0000000700400000, 0x00000007005b9f70, 0x0000000700600000| 86%| O|  |TAMS 0x00000007005b9f70, 0x00000007005b9f70| Untracked 
|   3|0x0000000700600000, 0x0000000700800000, 0x0000000700800000|100%| O|  |TAMS 0x0000000700800000, 0x0000000700800000| Untracked 
|   4|0x0000000700800000, 0x00000007009fffe8, 0x0000000700a00000| 99%| O|  |TAMS 0x00000007009fffe8, 0x00000007009fffe8| Untracked 
|   5|0x0000000700a00000, 0x0000000700bffff8, 0x0000000700c00000| 99%| O|  |TAMS 0x0000000700bffff8, 0x0000000700bffff8| Untracked 
|   6|0x0000000700c00000, 0x0000000700e00000, 0x0000000700e00000|100%| O|  |TAMS 0x0000000700e00000, 0x0000000700e00000| Untracked 
|   7|0x0000000700e00000, 0x0000000701000000, 0x0000000701000000|100%| O|  |TAMS 0x0000000701000000, 0x0000000701000000| Untracked 
|   8|0x0000000701000000, 0x00000007011fffe8, 0x0000000701200000| 99%| O|  |TAMS 0x00000007011fffe8, 0x00000007011fffe8| Untracked 
|   9|0x0000000701200000, 0x0000000701400000, 0x0000000701400000|100%| O|  |TAMS 0x0000000701400000, 0x0000000701400000| Untracked 
|  10|0x0000000701400000, 0x00000007015ffff8, 0x0000000701600000| 99%| O|  |TAMS 0x00000007015ffff8, 0x00000007015ffff8| Untracked 
|  11|0x0000000701600000, 0x0000000701800000, 0x0000000701800000|100%| O|  |TAMS 0x0000000701800000, 0x0000000701800000| Untracked 
|  12|0x0000000701800000, 0x00000007019ffff8, 0x0000000701a00000| 99%| O|  |TAMS 0x00000007019ffff8, 0x00000007019ffff8| Untracked 
|  13|0x0000000701a00000, 0x0000000701bfffa0, 0x0000000701c00000| 99%| O|  |TAMS 0x0000000701bfffa0, 0x0000000701bfffa0| Untracked 
|  14|0x0000000701c00000, 0x0000000701de0180, 0x0000000701e00000| 93%| O|  |TAMS 0x0000000701de0180, 0x0000000701de0180| Untracked 
|  15|0x0000000701e00000, 0x0000000701fffff8, 0x0000000702000000| 99%| O|  |TAMS 0x0000000701fffff8, 0x0000000701fffff8| Untracked 
|  16|0x0000000702000000, 0x0000000702200000, 0x0000000702200000|100%| O|  |TAMS 0x0000000702200000, 0x0000000702200000| Untracked 
|  17|0x0000000702200000, 0x00000007023f4eb0, 0x0000000702400000| 97%| O|  |TAMS 0x00000007023f4eb0, 0x00000007023f4eb0| Untracked 
|  18|0x0000000702400000, 0x0000000702600000, 0x0000000702600000|100%|HS|  |TAMS 0x0000000702600000, 0x0000000702600000| Complete 
|  19|0x0000000702600000, 0x0000000702800000, 0x0000000702800000|100%|HC|  |TAMS 0x0000000702800000, 0x0000000702800000| Complete 
|  20|0x0000000702800000, 0x0000000702a00000, 0x0000000702a00000|100%|HS|  |TAMS 0x0000000702a00000, 0x0000000702a00000| Complete 
|  21|0x0000000702a00000, 0x0000000702c00000, 0x0000000702c00000|100%|HC|  |TAMS 0x0000000702c00000, 0x0000000702c00000| Complete 
|  22|0x0000000702c00000, 0x0000000702dfff48, 0x0000000702e00000| 99%| O|  |TAMS 0x0000000702dfff48, 0x0000000702dfff48| Untracked 
|  23|0x0000000702e00000, 0x0000000702ff0b18, 0x0000000703000000| 97%| O|  |TAMS 0x0000000702ff0b18, 0x0000000702ff0b18| Untracked 
|  24|0x0000000703000000, 0x00000007031ffff0, 0x0000000703200000| 99%| O|  |TAMS 0x00000007031ffff0, 0x00000007031ffff0| Untracked 
|  25|0x0000000703200000, 0x00000007033fffe8, 0x0000000703400000| 99%| O|  |TAMS 0x00000007033fffe8, 0x00000007033fffe8| Untracked 
|  26|0x0000000703400000, 0x00000007035fffe0, 0x0000000703600000| 99%| O|  |TAMS 0x00000007035fffe0, 0x00000007035fffe0| Untracked 
|  27|0x0000000703600000, 0x00000007037eef30, 0x0000000703800000| 96%| O|  |TAMS 0x00000007037eef30, 0x00000007037eef30| Untracked 
|  28|0x0000000703800000, 0x0000000703a00000, 0x0000000703a00000|100%| O|  |TAMS 0x0000000703a00000, 0x0000000703a00000| Untracked 
|  29|0x0000000703a00000, 0x0000000703bfffe8, 0x0000000703c00000| 99%| O|  |TAMS 0x0000000703bfffe8, 0x0000000703bfffe8| Untracked 
|  30|0x0000000703c00000, 0x0000000703d18ac0, 0x0000000703e00000| 54%| O|  |TAMS 0x0000000703d18ac0, 0x0000000703d18ac0| Untracked 
|  31|0x0000000703e00000, 0x0000000703fe14d8, 0x0000000704000000| 94%| O|  |TAMS 0x0000000703fe14d8, 0x0000000703fe14d8| Untracked 
|  32|0x0000000704000000, 0x0000000704200000, 0x0000000704200000|100%| O|  |TAMS 0x0000000704200000, 0x0000000704200000| Untracked 
|  33|0x0000000704200000, 0x00000007043ffff8, 0x0000000704400000| 99%| O|  |TAMS 0x00000007043ffff8, 0x00000007043ffff8| Untracked 
|  34|0x0000000704400000, 0x00000007045fffc8, 0x0000000704600000| 99%| O|  |TAMS 0x00000007045fffc8, 0x00000007045fffc8| Untracked 
|  35|0x0000000704600000, 0x00000007047fffe8, 0x0000000704800000| 99%| O|  |TAMS 0x00000007047fffe8, 0x00000007047fffe8| Untracked 
|  36|0x0000000704800000, 0x0000000704970e30, 0x0000000704a00000| 72%| O|  |TAMS 0x0000000704970e30, 0x0000000704970e30| Untracked 
|  37|0x0000000704a00000, 0x0000000704bfffb8, 0x0000000704c00000| 99%| O|  |TAMS 0x0000000704bfffb8, 0x0000000704bfffb8| Untracked 
|  38|0x0000000704c00000, 0x0000000704e00000, 0x0000000704e00000|100%| O|  |TAMS 0x0000000704e00000, 0x0000000704e00000| Untracked 
|  39|0x0000000704e00000, 0x0000000704ffff48, 0x0000000705000000| 99%| O|  |TAMS 0x0000000704ffff48, 0x0000000704ffff48| Untracked 
|  40|0x0000000705000000, 0x00000007051fffd8, 0x0000000705200000| 99%| O|  |TAMS 0x00000007051fffd8, 0x00000007051fffd8| Untracked 
|  41|0x0000000705200000, 0x0000000705400000, 0x0000000705400000|100%| O|  |TAMS 0x0000000705400000, 0x0000000705400000| Untracked 
|  42|0x0000000705400000, 0x0000000705578800, 0x0000000705600000| 73%| O|  |TAMS 0x0000000705578800, 0x0000000705578800| Untracked 
|  43|0x0000000705600000, 0x0000000705800000, 0x0000000705800000|100%| O|  |TAMS 0x0000000705800000, 0x0000000705800000| Untracked 
|  44|0x0000000705800000, 0x00000007059ffff8, 0x0000000705a00000| 99%| O|  |TAMS 0x00000007059ffff8, 0x00000007059ffff8| Untracked 
|  45|0x0000000705a00000, 0x0000000705bfffe8, 0x0000000705c00000| 99%| O|  |TAMS 0x0000000705bfffe8, 0x0000000705bfffe8| Untracked 
|  46|0x0000000705c00000, 0x0000000705dffff0, 0x0000000705e00000| 99%| O|  |TAMS 0x0000000705dffff0, 0x0000000705dffff0| Untracked 
|  47|0x0000000705e00000, 0x0000000706000000, 0x0000000706000000|100%| O|  |TAMS 0x0000000706000000, 0x0000000706000000| Untracked 
|  48|0x0000000706000000, 0x00000007061ffff0, 0x0000000706200000| 99%| O|  |TAMS 0x00000007061ffff0, 0x00000007061ffff0| Untracked 
|  49|0x0000000706200000, 0x00000007063fffd8, 0x0000000706400000| 99%| O|  |TAMS 0x00000007063fffd8, 0x00000007063fffd8| Untracked 
|  50|0x0000000706400000, 0x0000000706600000, 0x0000000706600000|100%|HS|  |TAMS 0x0000000706600000, 0x0000000706600000| Complete 
|  51|0x0000000706600000, 0x0000000706800000, 0x0000000706800000|100%|HC|  |TAMS 0x0000000706800000, 0x0000000706800000| Complete 
|  52|0x0000000706800000, 0x00000007069ede78, 0x0000000706a00000| 96%| O|  |TAMS 0x00000007069ede78, 0x00000007069ede78| Untracked 
|  53|0x0000000706a00000, 0x0000000706bfffc8, 0x0000000706c00000| 99%| O|  |TAMS 0x0000000706bfffc8, 0x0000000706bfffc8| Untracked 
|  54|0x0000000706c00000, 0x0000000706daef40, 0x0000000706e00000| 84%| O|  |TAMS 0x0000000706daef40, 0x0000000706daef40| Untracked 
|  55|0x0000000706e00000, 0x0000000706fffff0, 0x0000000707000000| 99%| O|  |TAMS 0x0000000706fffff0, 0x0000000706fffff0| Untracked 
|  56|0x0000000707000000, 0x00000007071fffe0, 0x0000000707200000| 99%| O|  |TAMS 0x00000007071fffe0, 0x00000007071fffe0| Untracked 
|  57|0x0000000707200000, 0x00000007073d4770, 0x0000000707400000| 91%| O|  |TAMS 0x00000007073d4770, 0x00000007073d4770| Untracked 
|  58|0x0000000707400000, 0x0000000707600000, 0x0000000707600000|100%| O|  |TAMS 0x0000000707600000, 0x0000000707600000| Untracked 
|  59|0x0000000707600000, 0x00000007077fffc0, 0x0000000707800000| 99%| O|  |TAMS 0x00000007077fffc0, 0x00000007077fffc0| Untracked 
|  60|0x0000000707800000, 0x00000007079fffd8, 0x0000000707a00000| 99%| O|  |TAMS 0x00000007079fffd8, 0x00000007079fffd8| Untracked 
|  61|0x0000000707a00000, 0x0000000707bffff0, 0x0000000707c00000| 99%| O|  |TAMS 0x0000000707bffff0, 0x0000000707bffff0| Untracked 
|  62|0x0000000707c00000, 0x0000000707e00000, 0x0000000707e00000|100%| O|  |TAMS 0x0000000707e00000, 0x0000000707e00000| Untracked 
|  63|0x0000000707e00000, 0x0000000707ffffe8, 0x0000000708000000| 99%| O|  |TAMS 0x0000000707ffffe8, 0x0000000707ffffe8| Untracked 
|  64|0x0000000708000000, 0x00000007081ffff0, 0x0000000708200000| 99%| O|  |TAMS 0x00000007081ffff0, 0x00000007081ffff0| Untracked 
|  65|0x0000000708200000, 0x00000007083fffe0, 0x0000000708400000| 99%| O|  |TAMS 0x00000007083fffe0, 0x00000007083fffe0| Untracked 
|  66|0x0000000708400000, 0x0000000708600000, 0x0000000708600000|100%| O|  |TAMS 0x0000000708600000, 0x0000000708600000| Untracked 
|  67|0x0000000708600000, 0x00000007087fbbb0, 0x0000000708800000| 99%| O|  |TAMS 0x00000007087fbbb0, 0x00000007087fbbb0| Untracked 
|  68|0x0000000708800000, 0x00000007089ffff8, 0x0000000708a00000| 99%| O|  |TAMS 0x00000007089ffff8, 0x00000007089ffff8| Untracked 
|  69|0x0000000708a00000, 0x0000000708bffff0, 0x0000000708c00000| 99%| O|  |TAMS 0x0000000708bffff0, 0x0000000708bffff0| Untracked 
|  70|0x0000000708c00000, 0x0000000708dff038, 0x0000000708e00000| 99%| O|  |TAMS 0x0000000708dff038, 0x0000000708dff038| Untracked 
|  71|0x0000000708e00000, 0x0000000709000000, 0x0000000709000000|100%| O|  |TAMS 0x0000000709000000, 0x0000000709000000| Untracked 
|  72|0x0000000709000000, 0x00000007091fffe8, 0x0000000709200000| 99%| O|  |TAMS 0x00000007091fffe8, 0x00000007091fffe8| Untracked 
|  73|0x0000000709200000, 0x00000007093b51e0, 0x0000000709400000| 85%| O|  |TAMS 0x00000007093b51e0, 0x00000007093b51e0| Untracked 
|  74|0x0000000709400000, 0x00000007095fffd8, 0x0000000709600000| 99%| O|  |TAMS 0x00000007095fffd8, 0x00000007095fffd8| Untracked 
|  75|0x0000000709600000, 0x00000007097ffff0, 0x0000000709800000| 99%| O|  |TAMS 0x00000007097ffff0, 0x00000007097ffff0| Untracked 
|  76|0x0000000709800000, 0x0000000709a00000, 0x0000000709a00000|100%| O|  |TAMS 0x0000000709a00000, 0x0000000709a00000| Untracked 
|  77|0x0000000709a00000, 0x0000000709c00000, 0x0000000709c00000|100%| O|  |TAMS 0x0000000709c00000, 0x0000000709c00000| Untracked 
|  78|0x0000000709c00000, 0x0000000709e00000, 0x0000000709e00000|100%| O|  |TAMS 0x0000000709e00000, 0x0000000709e00000| Untracked 
|  79|0x0000000709e00000, 0x000000070a000000, 0x000000070a000000|100%| O|  |TAMS 0x000000070a000000, 0x000000070a000000| Untracked 
|  80|0x000000070a000000, 0x000000070a1fffe8, 0x000000070a200000| 99%| O|  |TAMS 0x000000070a1fffe8, 0x000000070a1fffe8| Untracked 
|  81|0x000000070a200000, 0x000000070a400000, 0x000000070a400000|100%| O|  |TAMS 0x000000070a400000, 0x000000070a400000| Untracked 
|  82|0x000000070a400000, 0x000000070a5137e8, 0x000000070a600000| 53%| O|  |TAMS 0x000000070a5137e8, 0x000000070a5137e8| Untracked 
|  83|0x000000070a600000, 0x000000070a7ffff8, 0x000000070a800000| 99%| O|  |TAMS 0x000000070a7ffff8, 0x000000070a7ffff8| Untracked 
|  84|0x000000070a800000, 0x000000070aa00000, 0x000000070aa00000|100%| O|  |TAMS 0x000000070aa00000, 0x000000070aa00000| Untracked 
|  85|0x000000070aa00000, 0x000000070ac00000, 0x000000070ac00000|100%| O|  |TAMS 0x000000070ac00000, 0x000000070ac00000| Untracked 
|  86|0x000000070ac00000, 0x000000070ae00000, 0x000000070ae00000|100%| O|  |TAMS 0x000000070ae00000, 0x000000070ae00000| Untracked 
|  87|0x000000070ae00000, 0x000000070affd008, 0x000000070b000000| 99%| O|  |TAMS 0x000000070affd008, 0x000000070affd008| Untracked 
|  88|0x000000070b000000, 0x000000070b1ffff0, 0x000000070b200000| 99%| O|  |TAMS 0x000000070b1ffff0, 0x000000070b1ffff0| Untracked 
|  89|0x000000070b200000, 0x000000070b382638, 0x000000070b400000| 75%| O|  |TAMS 0x000000070b382638, 0x000000070b382638| Untracked 
|  90|0x000000070b400000, 0x000000070b600000, 0x000000070b600000|100%| O|  |TAMS 0x000000070b600000, 0x000000070b600000| Untracked 
|  91|0x000000070b600000, 0x000000070b7ea080, 0x000000070b800000| 95%| O|  |TAMS 0x000000070b7ea080, 0x000000070b7ea080| Untracked 
|  92|0x000000070b800000, 0x000000070ba00000, 0x000000070ba00000|100%| O|  |TAMS 0x000000070ba00000, 0x000000070ba00000| Untracked 
|  93|0x000000070ba00000, 0x000000070bc00000, 0x000000070bc00000|100%|HS|  |TAMS 0x000000070bc00000, 0x000000070bc00000| Complete 
|  94|0x000000070bc00000, 0x000000070be00000, 0x000000070be00000|100%|HS|  |TAMS 0x000000070be00000, 0x000000070be00000| Complete 
|  95|0x000000070be00000, 0x000000070bfffff0, 0x000000070c000000| 99%| O|  |TAMS 0x000000070bfffff0, 0x000000070bfffff0| Untracked 
|  96|0x000000070c000000, 0x000000070c200000, 0x000000070c200000|100%| O|  |TAMS 0x000000070c200000, 0x000000070c200000| Untracked 
|  97|0x000000070c200000, 0x000000070c400000, 0x000000070c400000|100%| O|  |TAMS 0x000000070c400000, 0x000000070c400000| Untracked 
|  98|0x000000070c400000, 0x000000070c600000, 0x000000070c600000|100%| O|  |TAMS 0x000000070c600000, 0x000000070c600000| Untracked 
|  99|0x000000070c600000, 0x000000070c800000, 0x000000070c800000|100%| O|  |TAMS 0x000000070c800000, 0x000000070c800000| Untracked 
| 100|0x000000070c800000, 0x000000070ca00000, 0x000000070ca00000|100%|HS|  |TAMS 0x000000070ca00000, 0x000000070ca00000| Complete 
| 101|0x000000070ca00000, 0x000000070cc00000, 0x000000070cc00000|100%| O|  |TAMS 0x000000070cc00000, 0x000000070cc00000| Untracked 
| 102|0x000000070cc00000, 0x000000070ce00000, 0x000000070ce00000|100%| O|  |TAMS 0x000000070ce00000, 0x000000070ce00000| Untracked 
| 103|0x000000070ce00000, 0x000000070cfffff0, 0x000000070d000000| 99%| O|  |TAMS 0x000000070cfffff0, 0x000000070cfffff0| Untracked 
| 104|0x000000070d000000, 0x000000070d200000, 0x000000070d200000|100%| O|  |TAMS 0x000000070d200000, 0x000000070d200000| Untracked 
| 105|0x000000070d200000, 0x000000070d400000, 0x000000070d400000|100%| O|  |TAMS 0x000000070d400000, 0x000000070d400000| Untracked 
| 106|0x000000070d400000, 0x000000070d600000, 0x000000070d600000|100%| O|  |TAMS 0x000000070d600000, 0x000000070d600000| Untracked 
| 107|0x000000070d600000, 0x000000070d800000, 0x000000070d800000|100%| O|  |TAMS 0x000000070d800000, 0x000000070d800000| Untracked 
| 108|0x000000070d800000, 0x000000070da00000, 0x000000070da00000|100%| O|  |TAMS 0x000000070da00000, 0x000000070da00000| Untracked 
| 109|0x000000070da00000, 0x000000070dc00000, 0x000000070dc00000|100%| O|  |TAMS 0x000000070dc00000, 0x000000070dc00000| Untracked 
| 110|0x000000070dc00000, 0x000000070dc9dd20, 0x000000070de00000| 30%| O|  |TAMS 0x000000070dc9dd20, 0x000000070dc9dd20| Untracked 
| 111|0x000000070de00000, 0x000000070e000000, 0x000000070e000000|100%| O|  |TAMS 0x000000070e000000, 0x000000070e000000| Untracked 
| 112|0x000000070e000000, 0x000000070e200000, 0x000000070e200000|100%| O|  |TAMS 0x000000070e200000, 0x000000070e200000| Untracked 
| 113|0x000000070e200000, 0x000000070e400000, 0x000000070e400000|100%| O|  |TAMS 0x000000070e400000, 0x000000070e400000| Untracked 
| 114|0x000000070e400000, 0x000000070e600000, 0x000000070e600000|100%| O|  |TAMS 0x000000070e600000, 0x000000070e600000| Untracked 
| 115|0x000000070e600000, 0x000000070e800000, 0x000000070e800000|100%| O|  |TAMS 0x000000070e800000, 0x000000070e800000| Untracked 
| 116|0x000000070e800000, 0x000000070ea00000, 0x000000070ea00000|100%| O|  |TAMS 0x000000070ea00000, 0x000000070ea00000| Untracked 
| 117|0x000000070ea00000, 0x000000070ec00000, 0x000000070ec00000|100%| O|  |TAMS 0x000000070ec00000, 0x000000070ec00000| Untracked 
| 118|0x000000070ec00000, 0x000000070ee00000, 0x000000070ee00000|100%| O|  |TAMS 0x000000070ee00000, 0x000000070ee00000| Untracked 
| 119|0x000000070ee00000, 0x000000070f000000, 0x000000070f000000|100%| O|  |TAMS 0x000000070f000000, 0x000000070f000000| Untracked 
| 120|0x000000070f000000, 0x000000070f200000, 0x000000070f200000|100%| O|  |TAMS 0x000000070f200000, 0x000000070f200000| Untracked 
| 121|0x000000070f200000, 0x000000070f400000, 0x000000070f400000|100%| O|  |TAMS 0x000000070f400000, 0x000000070f400000| Untracked 
| 122|0x000000070f400000, 0x000000070f600000, 0x000000070f600000|100%| O|  |TAMS 0x000000070f400000, 0x000000070f600000| Untracked 
| 123|0x000000070f600000, 0x000000070f800000, 0x000000070f800000|100%|HS|  |TAMS 0x000000070f800000, 0x000000070f800000| Complete 
| 124|0x000000070f800000, 0x000000070fa00000, 0x000000070fa00000|100%|HC|  |TAMS 0x000000070fa00000, 0x000000070fa00000| Complete 
| 125|0x000000070fa00000, 0x000000070fc00000, 0x000000070fc00000|100%| O|  |TAMS 0x000000070fc00000, 0x000000070fc00000| Untracked 
| 126|0x000000070fc00000, 0x000000070fe00000, 0x000000070fe00000|100%| O|  |TAMS 0x000000070fe00000, 0x000000070fe00000| Untracked 
| 127|0x000000070fe00000, 0x0000000710000000, 0x0000000710000000|100%| O|  |TAMS 0x0000000710000000, 0x0000000710000000| Untracked 
| 128|0x0000000710000000, 0x0000000710200000, 0x0000000710200000|100%| O|  |TAMS 0x0000000710200000, 0x0000000710200000| Untracked 
| 129|0x0000000710200000, 0x0000000710400000, 0x0000000710400000|100%|HS|  |TAMS 0x0000000710400000, 0x0000000710400000| Complete 
| 130|0x0000000710400000, 0x0000000710600000, 0x0000000710600000|100%|HS|  |TAMS 0x0000000710600000, 0x0000000710600000| Complete 
| 131|0x0000000710600000, 0x0000000710800000, 0x0000000710800000|100%| O|  |TAMS 0x0000000710800000, 0x0000000710800000| Untracked 
| 132|0x0000000710800000, 0x0000000710a00000, 0x0000000710a00000|100%|HS|  |TAMS 0x0000000710a00000, 0x0000000710a00000| Complete 
| 133|0x0000000710a00000, 0x0000000710c00000, 0x0000000710c00000|100%| O|  |TAMS 0x0000000710c00000, 0x0000000710c00000| Untracked 
| 134|0x0000000710c00000, 0x0000000710e00000, 0x0000000710e00000|100%| O|  |TAMS 0x0000000710e00000, 0x0000000710e00000| Untracked 
| 135|0x0000000710e00000, 0x0000000711000000, 0x0000000711000000|100%|HS|  |TAMS 0x0000000711000000, 0x0000000711000000| Complete 
| 136|0x0000000711000000, 0x0000000711200000, 0x0000000711200000|100%|HC|  |TAMS 0x0000000711200000, 0x0000000711200000| Complete 
| 137|0x0000000711200000, 0x0000000711400000, 0x0000000711400000|100%| O|  |TAMS 0x0000000711400000, 0x0000000711400000| Untracked 
| 138|0x0000000711400000, 0x0000000711600000, 0x0000000711600000|100%| O|  |TAMS 0x0000000711600000, 0x0000000711600000| Untracked 
| 139|0x0000000711600000, 0x0000000711800000, 0x0000000711800000|100%| O|  |TAMS 0x0000000711600000, 0x0000000711800000| Untracked 
| 140|0x0000000711800000, 0x0000000711a00000, 0x0000000711a00000|100%|HS|  |TAMS 0x0000000711a00000, 0x0000000711a00000| Complete 
| 141|0x0000000711a00000, 0x0000000711c00000, 0x0000000711c00000|100%|HC|  |TAMS 0x0000000711c00000, 0x0000000711c00000| Complete 
| 142|0x0000000711c00000, 0x0000000711e00000, 0x0000000711e00000|100%| O|  |TAMS 0x0000000711c00000, 0x0000000711e00000| Untracked 
| 143|0x0000000711e00000, 0x0000000712000000, 0x0000000712000000|100%| O|  |TAMS 0x0000000712000000, 0x0000000712000000| Untracked 
| 144|0x0000000712000000, 0x0000000712200000, 0x0000000712200000|100%| O|  |TAMS 0x0000000712200000, 0x0000000712200000| Untracked 
| 145|0x0000000712200000, 0x0000000712400000, 0x0000000712400000|100%| O|  |TAMS 0x0000000712200000, 0x0000000712400000| Untracked 
| 146|0x0000000712400000, 0x0000000712600000, 0x0000000712600000|100%| O|  |TAMS 0x0000000712600000, 0x0000000712600000| Untracked 
| 147|0x0000000712600000, 0x0000000712800000, 0x0000000712800000|100%| O|  |TAMS 0x0000000712800000, 0x0000000712800000| Untracked 
| 148|0x0000000712800000, 0x0000000712a00000, 0x0000000712a00000|100%| O|  |TAMS 0x0000000712a00000, 0x0000000712a00000| Untracked 
| 149|0x0000000712a00000, 0x0000000712c00000, 0x0000000712c00000|100%| O|  |TAMS 0x0000000712a00000, 0x0000000712c00000| Untracked 
| 150|0x0000000712c00000, 0x0000000712e00000, 0x0000000712e00000|100%| O|  |TAMS 0x0000000712c00000, 0x0000000712e00000| Untracked 
| 151|0x0000000712e00000, 0x0000000713000000, 0x0000000713000000|100%| O|  |TAMS 0x0000000712e00000, 0x0000000713000000| Untracked 
| 152|0x0000000713000000, 0x0000000713200000, 0x0000000713200000|100%| O|  |TAMS 0x0000000713000000, 0x0000000713200000| Untracked 
| 153|0x0000000713200000, 0x0000000713400000, 0x0000000713400000|100%| O|  |TAMS 0x0000000713400000, 0x0000000713400000| Untracked 
| 154|0x0000000713400000, 0x0000000713600000, 0x0000000713600000|100%| O|  |TAMS 0x0000000713400000, 0x0000000713600000| Untracked 
| 155|0x0000000713600000, 0x0000000713800000, 0x0000000713800000|100%| O|  |TAMS 0x0000000713800000, 0x0000000713800000| Untracked 
| 156|0x0000000713800000, 0x0000000713a00000, 0x0000000713a00000|100%| O|  |TAMS 0x0000000713800000, 0x0000000713a00000| Untracked 
| 157|0x0000000713a00000, 0x0000000713c00000, 0x0000000713c00000|100%| O|  |TAMS 0x0000000713c00000, 0x0000000713c00000| Untracked 
| 158|0x0000000713c00000, 0x0000000713e00000, 0x0000000713e00000|100%|HS|  |TAMS 0x0000000713c00000, 0x0000000713c00000| Complete 
| 159|0x0000000713e00000, 0x0000000714000000, 0x0000000714000000|100%|HS|  |TAMS 0x0000000713e00000, 0x0000000713e00000| Complete 
| 160|0x0000000714000000, 0x0000000714200000, 0x0000000714200000|100%| O|  |TAMS 0x0000000714000000, 0x0000000714200000| Untracked 
| 161|0x0000000714200000, 0x0000000714400000, 0x0000000714400000|100%| O|  |TAMS 0x0000000714200000, 0x0000000714400000| Untracked 
| 162|0x0000000714400000, 0x0000000714600000, 0x0000000714600000|100%| O|  |TAMS 0x0000000714600000, 0x0000000714600000| Untracked 
| 163|0x0000000714600000, 0x0000000714800000, 0x0000000714800000|100%| O|  |TAMS 0x0000000714800000, 0x0000000714800000| Untracked 
| 164|0x0000000714800000, 0x0000000714a00000, 0x0000000714a00000|100%| O|  |TAMS 0x0000000714a00000, 0x0000000714a00000| Untracked 
| 165|0x0000000714a00000, 0x0000000714c00000, 0x0000000714c00000|100%| O|  |TAMS 0x0000000714c00000, 0x0000000714c00000| Untracked 
| 166|0x0000000714c00000, 0x0000000714e00000, 0x0000000714e00000|100%|HS|  |TAMS 0x0000000714c00000, 0x0000000714c00000| Complete 
| 167|0x0000000714e00000, 0x0000000715000000, 0x0000000715000000|100%|HS|  |TAMS 0x0000000714e00000, 0x0000000714e00000| Complete 
| 168|0x0000000715000000, 0x0000000715200000, 0x0000000715200000|100%| O|  |TAMS 0x0000000715200000, 0x0000000715200000| Untracked 
| 169|0x0000000715200000, 0x0000000715400000, 0x0000000715400000|100%| O|  |TAMS 0x0000000715400000, 0x0000000715400000| Untracked 
| 170|0x0000000715400000, 0x0000000715600000, 0x0000000715600000|100%| O|  |TAMS 0x0000000715600000, 0x0000000715600000| Untracked 
| 171|0x0000000715600000, 0x0000000715800000, 0x0000000715800000|100%| O|  |TAMS 0x0000000715800000, 0x0000000715800000| Untracked 
| 172|0x0000000715800000, 0x0000000715a00000, 0x0000000715a00000|100%| O|  |TAMS 0x0000000715a00000, 0x0000000715a00000| Untracked 
| 173|0x0000000715a00000, 0x0000000715c00000, 0x0000000715c00000|100%| O|  |TAMS 0x0000000715c00000, 0x0000000715c00000| Untracked 
| 174|0x0000000715c00000, 0x0000000715e00000, 0x0000000715e00000|100%| O|  |TAMS 0x0000000715e00000, 0x0000000715e00000| Untracked 
| 175|0x0000000715e00000, 0x0000000716000000, 0x0000000716000000|100%| O|  |TAMS 0x0000000716000000, 0x0000000716000000| Untracked 
| 176|0x0000000716000000, 0x0000000716200000, 0x0000000716200000|100%| O|  |TAMS 0x0000000716200000, 0x0000000716200000| Untracked 
| 177|0x0000000716200000, 0x0000000716400000, 0x0000000716400000|100%| O|  |TAMS 0x0000000716400000, 0x0000000716400000| Untracked 
| 178|0x0000000716400000, 0x0000000716600000, 0x0000000716600000|100%| O|  |TAMS 0x0000000716600000, 0x0000000716600000| Untracked 
| 179|0x0000000716600000, 0x0000000716800000, 0x0000000716800000|100%| O|  |TAMS 0x0000000716800000, 0x0000000716800000| Untracked 
| 180|0x0000000716800000, 0x0000000716a00000, 0x0000000716a00000|100%| O|  |TAMS 0x0000000716a00000, 0x0000000716a00000| Untracked 
| 181|0x0000000716a00000, 0x0000000716c00000, 0x0000000716c00000|100%| O|  |TAMS 0x0000000716c00000, 0x0000000716c00000| Untracked 
| 182|0x0000000716c00000, 0x0000000716e00000, 0x0000000716e00000|100%| O|  |TAMS 0x0000000716e00000, 0x0000000716e00000| Untracked 
| 183|0x0000000716e00000, 0x0000000717000000, 0x0000000717000000|100%| O|  |TAMS 0x0000000717000000, 0x0000000717000000| Untracked 
| 184|0x0000000717000000, 0x0000000717200000, 0x0000000717200000|100%| O|  |TAMS 0x0000000717200000, 0x0000000717200000| Untracked 
| 185|0x0000000717200000, 0x0000000717400000, 0x0000000717400000|100%| O|  |TAMS 0x0000000717400000, 0x0000000717400000| Untracked 
| 186|0x0000000717400000, 0x0000000717600000, 0x0000000717600000|100%| O|  |TAMS 0x0000000717600000, 0x0000000717600000| Untracked 
| 187|0x0000000717600000, 0x0000000717800000, 0x0000000717800000|100%| O|  |TAMS 0x0000000717800000, 0x0000000717800000| Untracked 
| 188|0x0000000717800000, 0x0000000717a00000, 0x0000000717a00000|100%| O|  |TAMS 0x0000000717a00000, 0x0000000717a00000| Untracked 
| 189|0x0000000717a00000, 0x0000000717c00000, 0x0000000717c00000|100%| O|  |TAMS 0x0000000717c00000, 0x0000000717c00000| Untracked 
| 190|0x0000000717c00000, 0x0000000717e00000, 0x0000000717e00000|100%| O|  |TAMS 0x0000000717e00000, 0x0000000717e00000| Untracked 
| 191|0x0000000717e00000, 0x0000000718000000, 0x0000000718000000|100%| O|  |TAMS 0x0000000718000000, 0x0000000718000000| Untracked 
| 192|0x0000000718000000, 0x0000000718200000, 0x0000000718200000|100%| O|  |TAMS 0x0000000718200000, 0x0000000718200000| Untracked 
| 193|0x0000000718200000, 0x0000000718400000, 0x0000000718400000|100%| O|  |TAMS 0x0000000718400000, 0x0000000718400000| Untracked 
| 194|0x0000000718400000, 0x0000000718600000, 0x0000000718600000|100%| O|  |TAMS 0x0000000718600000, 0x0000000718600000| Untracked 
| 195|0x0000000718600000, 0x0000000718800000, 0x0000000718800000|100%| O|  |TAMS 0x0000000718800000, 0x0000000718800000| Untracked 
| 196|0x0000000718800000, 0x0000000718a00000, 0x0000000718a00000|100%| O|  |TAMS 0x0000000718a00000, 0x0000000718a00000| Untracked 
| 197|0x0000000718a00000, 0x0000000718c00000, 0x0000000718c00000|100%| O|  |TAMS 0x0000000718c00000, 0x0000000718c00000| Untracked 
| 198|0x0000000718c00000, 0x0000000718e00000, 0x0000000718e00000|100%| O|  |TAMS 0x0000000718e00000, 0x0000000718e00000| Untracked 
| 199|0x0000000718e00000, 0x0000000719000000, 0x0000000719000000|100%| O|  |TAMS 0x0000000719000000, 0x0000000719000000| Untracked 
| 200|0x0000000719000000, 0x0000000719200000, 0x0000000719200000|100%| O|  |TAMS 0x0000000719200000, 0x0000000719200000| Untracked 
| 201|0x0000000719200000, 0x0000000719400000, 0x0000000719400000|100%|HS|  |TAMS 0x0000000719200000, 0x0000000719200000| Complete 
| 202|0x0000000719400000, 0x0000000719600000, 0x0000000719600000|100%| O|  |TAMS 0x0000000719400000, 0x0000000719600000| Untracked 
| 203|0x0000000719600000, 0x0000000719800000, 0x0000000719800000|100%| O|  |TAMS 0x0000000719600000, 0x0000000719800000| Untracked 
| 204|0x0000000719800000, 0x0000000719a00000, 0x0000000719a00000|100%| O|  |TAMS 0x0000000719800000, 0x0000000719a00000| Untracked 
| 205|0x0000000719a00000, 0x0000000719c00000, 0x0000000719c00000|100%| O|  |TAMS 0x0000000719a00000, 0x0000000719c00000| Untracked 
| 206|0x0000000719c00000, 0x0000000719e00000, 0x0000000719e00000|100%| O|  |TAMS 0x0000000719c00000, 0x0000000719e00000| Untracked 
| 207|0x0000000719e00000, 0x000000071a000000, 0x000000071a000000|100%| O|  |TAMS 0x0000000719e00000, 0x000000071a000000| Untracked 
| 208|0x000000071a000000, 0x000000071a200000, 0x000000071a200000|100%| O|  |TAMS 0x000000071a000000, 0x000000071a1cbe00| Untracked 
| 209|0x000000071a200000, 0x000000071a400000, 0x000000071a400000|100%| O|  |TAMS 0x000000071a200000, 0x000000071a200000| Untracked 
| 210|0x000000071a400000, 0x000000071a600000, 0x000000071a600000|100%|HS|  |TAMS 0x000000071a400000, 0x000000071a400000| Complete 
| 211|0x000000071a600000, 0x000000071a800000, 0x000000071a800000|100%|HS|  |TAMS 0x000000071a600000, 0x000000071a600000| Complete 
| 212|0x000000071a800000, 0x000000071aa00000, 0x000000071aa00000|100%|HC|  |TAMS 0x000000071a800000, 0x000000071a800000| Complete 
| 213|0x000000071aa00000, 0x000000071ac00000, 0x000000071ac00000|100%|HC|  |TAMS 0x000000071aa00000, 0x000000071aa00000| Complete 
| 214|0x000000071ac00000, 0x000000071ae00000, 0x000000071ae00000|100%| O|  |TAMS 0x000000071ac00000, 0x000000071ac00000| Untracked 
| 215|0x000000071ae00000, 0x000000071b000000, 0x000000071b000000|100%| O|  |TAMS 0x000000071ae00000, 0x000000071ae00000| Untracked 
| 216|0x000000071b000000, 0x000000071b200000, 0x000000071b200000|100%| O|  |TAMS 0x000000071b000000, 0x000000071b000000| Untracked 
| 217|0x000000071b200000, 0x000000071b400000, 0x000000071b400000|100%| O|  |TAMS 0x000000071b200000, 0x000000071b200000| Untracked 
| 218|0x000000071b400000, 0x000000071b600000, 0x000000071b600000|100%| O|  |TAMS 0x000000071b400000, 0x000000071b400000| Untracked 
| 219|0x000000071b600000, 0x000000071b800000, 0x000000071b800000|100%| O|  |TAMS 0x000000071b600000, 0x000000071b600000| Untracked 
| 220|0x000000071b800000, 0x000000071b80c000, 0x000000071ba00000|  2%| O|  |TAMS 0x000000071b800000, 0x000000071b800000| Untracked 
| 221|0x000000071ba00000, 0x000000071ba00000, 0x000000071bc00000|  0%| F|  |TAMS 0x000000071ba00000, 0x000000071ba00000| Untracked 
| 222|0x000000071bc00000, 0x000000071bc00000, 0x000000071be00000|  0%| F|  |TAMS 0x000000071bc00000, 0x000000071bc00000| Untracked 
| 223|0x000000071be00000, 0x000000071be00000, 0x000000071c000000|  0%| F|  |TAMS 0x000000071be00000, 0x000000071be00000| Untracked 
| 224|0x000000071c000000, 0x000000071c000000, 0x000000071c200000|  0%| F|  |TAMS 0x000000071c000000, 0x000000071c000000| Untracked 
| 225|0x000000071c200000, 0x000000071c200000, 0x000000071c400000|  0%| F|  |TAMS 0x000000071c200000, 0x000000071c200000| Untracked 
| 226|0x000000071c400000, 0x000000071c400000, 0x000000071c600000|  0%| F|  |TAMS 0x000000071c400000, 0x000000071c400000| Untracked 
| 227|0x000000071c600000, 0x000000071c600000, 0x000000071c800000|  0%| F|  |TAMS 0x000000071c600000, 0x000000071c600000| Untracked 
| 228|0x000000071c800000, 0x000000071c800000, 0x000000071ca00000|  0%| F|  |TAMS 0x000000071c800000, 0x000000071c800000| Untracked 
| 229|0x000000071ca00000, 0x000000071ca00000, 0x000000071cc00000|  0%| F|  |TAMS 0x000000071ca00000, 0x000000071ca00000| Untracked 
| 230|0x000000071cc00000, 0x000000071cc00000, 0x000000071ce00000|  0%| F|  |TAMS 0x000000071cc00000, 0x000000071cc00000| Untracked 
| 231|0x000000071ce00000, 0x000000071ce00000, 0x000000071d000000|  0%| F|  |TAMS 0x000000071ce00000, 0x000000071ce00000| Untracked 
| 232|0x000000071d000000, 0x000000071d000000, 0x000000071d200000|  0%| F|  |TAMS 0x000000071d000000, 0x000000071d000000| Untracked 
| 233|0x000000071d200000, 0x000000071d200000, 0x000000071d400000|  0%| F|  |TAMS 0x000000071d200000, 0x000000071d200000| Untracked 
| 234|0x000000071d400000, 0x000000071d400000, 0x000000071d600000|  0%| F|  |TAMS 0x000000071d400000, 0x000000071d400000| Untracked 
| 235|0x000000071d600000, 0x000000071d600000, 0x000000071d800000|  0%| F|  |TAMS 0x000000071d600000, 0x000000071d600000| Untracked 
| 236|0x000000071d800000, 0x000000071d800000, 0x000000071da00000|  0%| F|  |TAMS 0x000000071d800000, 0x000000071d800000| Untracked 
| 237|0x000000071da00000, 0x000000071da00000, 0x000000071dc00000|  0%| F|  |TAMS 0x000000071da00000, 0x000000071da00000| Untracked 
| 238|0x000000071dc00000, 0x000000071dc00000, 0x000000071de00000|  0%| F|  |TAMS 0x000000071dc00000, 0x000000071dc00000| Untracked 
| 239|0x000000071de00000, 0x000000071de00000, 0x000000071e000000|  0%| F|  |TAMS 0x000000071de00000, 0x000000071de00000| Untracked 
| 240|0x000000071e000000, 0x000000071e000000, 0x000000071e200000|  0%| F|  |TAMS 0x000000071e000000, 0x000000071e000000| Untracked 
| 241|0x000000071e200000, 0x000000071e200000, 0x000000071e400000|  0%| F|  |TAMS 0x000000071e200000, 0x000000071e200000| Untracked 
| 242|0x000000071e400000, 0x000000071e400000, 0x000000071e600000|  0%| F|  |TAMS 0x000000071e400000, 0x000000071e400000| Untracked 
| 243|0x000000071e600000, 0x000000071e600000, 0x000000071e800000|  0%| F|  |TAMS 0x000000071e600000, 0x000000071e600000| Untracked 
| 244|0x000000071e800000, 0x000000071e800000, 0x000000071ea00000|  0%| F|  |TAMS 0x000000071e800000, 0x000000071e800000| Untracked 
| 245|0x000000071ea00000, 0x000000071ea00000, 0x000000071ec00000|  0%| F|  |TAMS 0x000000071ea00000, 0x000000071ea00000| Untracked 
| 246|0x000000071ec00000, 0x000000071ec00000, 0x000000071ee00000|  0%| F|  |TAMS 0x000000071ec00000, 0x000000071ec00000| Untracked 
| 247|0x000000071ee00000, 0x000000071ee00000, 0x000000071f000000|  0%| F|  |TAMS 0x000000071ee00000, 0x000000071ee00000| Untracked 
| 248|0x000000071f000000, 0x000000071f000000, 0x000000071f200000|  0%| F|  |TAMS 0x000000071f000000, 0x000000071f000000| Untracked 
| 249|0x000000071f200000, 0x000000071f200000, 0x000000071f400000|  0%| F|  |TAMS 0x000000071f200000, 0x000000071f200000| Untracked 
| 250|0x000000071f400000, 0x000000071f400000, 0x000000071f600000|  0%| F|  |TAMS 0x000000071f400000, 0x000000071f400000| Untracked 
| 251|0x000000071f600000, 0x000000071f600000, 0x000000071f800000|  0%| F|  |TAMS 0x000000071f600000, 0x000000071f600000| Untracked 
| 252|0x000000071f800000, 0x000000071f800000, 0x000000071fa00000|  0%| F|  |TAMS 0x000000071f800000, 0x000000071f800000| Untracked 
| 253|0x000000071fa00000, 0x000000071fa00000, 0x000000071fc00000|  0%| F|  |TAMS 0x000000071fa00000, 0x000000071fa00000| Untracked 
| 254|0x000000071fc00000, 0x000000071fc00000, 0x000000071fe00000|  0%| F|  |TAMS 0x000000071fc00000, 0x000000071fc00000| Untracked 
| 255|0x000000071fe00000, 0x000000071fe00000, 0x0000000720000000|  0%| F|  |TAMS 0x000000071fe00000, 0x000000071fe00000| Untracked 
| 256|0x0000000720000000, 0x0000000720000000, 0x0000000720200000|  0%| F|  |TAMS 0x0000000720000000, 0x0000000720000000| Untracked 
| 257|0x0000000720200000, 0x0000000720200000, 0x0000000720400000|  0%| F|  |TAMS 0x0000000720200000, 0x0000000720200000| Untracked 
| 258|0x0000000720400000, 0x0000000720400000, 0x0000000720600000|  0%| F|  |TAMS 0x0000000720400000, 0x0000000720400000| Untracked 
| 259|0x0000000720600000, 0x0000000720600000, 0x0000000720800000|  0%| F|  |TAMS 0x0000000720600000, 0x0000000720600000| Untracked 
| 260|0x0000000720800000, 0x0000000720800000, 0x0000000720a00000|  0%| F|  |TAMS 0x0000000720800000, 0x0000000720800000| Untracked 
| 261|0x0000000720a00000, 0x0000000720a00000, 0x0000000720c00000|  0%| F|  |TAMS 0x0000000720a00000, 0x0000000720a00000| Untracked 
| 262|0x0000000720c00000, 0x0000000720c00000, 0x0000000720e00000|  0%| F|  |TAMS 0x0000000720c00000, 0x0000000720c00000| Untracked 
| 263|0x0000000720e00000, 0x0000000720e00000, 0x0000000721000000|  0%| F|  |TAMS 0x0000000720e00000, 0x0000000720e00000| Untracked 
| 264|0x0000000721000000, 0x0000000721000000, 0x0000000721200000|  0%| F|  |TAMS 0x0000000721000000, 0x0000000721000000| Untracked 
| 265|0x0000000721200000, 0x0000000721200000, 0x0000000721400000|  0%| F|  |TAMS 0x0000000721200000, 0x0000000721200000| Untracked 
| 266|0x0000000721400000, 0x0000000721400000, 0x0000000721600000|  0%| F|  |TAMS 0x0000000721400000, 0x0000000721400000| Untracked 
| 267|0x0000000721600000, 0x0000000721600000, 0x0000000721800000|  0%| F|  |TAMS 0x0000000721600000, 0x0000000721600000| Untracked 
| 268|0x0000000721800000, 0x0000000721800000, 0x0000000721a00000|  0%| F|  |TAMS 0x0000000721800000, 0x0000000721800000| Untracked 
| 269|0x0000000721a00000, 0x0000000721a00000, 0x0000000721c00000|  0%| F|  |TAMS 0x0000000721a00000, 0x0000000721a00000| Untracked 
| 270|0x0000000721c00000, 0x0000000721c00000, 0x0000000721e00000|  0%| F|  |TAMS 0x0000000721c00000, 0x0000000721c00000| Untracked 
| 271|0x0000000721e00000, 0x0000000721e00000, 0x0000000722000000|  0%| F|  |TAMS 0x0000000721e00000, 0x0000000721e00000| Untracked 
| 272|0x0000000722000000, 0x0000000722000000, 0x0000000722200000|  0%| F|  |TAMS 0x0000000722000000, 0x0000000722000000| Untracked 
| 273|0x0000000722200000, 0x0000000722200000, 0x0000000722400000|  0%| F|  |TAMS 0x0000000722200000, 0x0000000722200000| Untracked 
| 274|0x0000000722400000, 0x0000000722400000, 0x0000000722600000|  0%| F|  |TAMS 0x0000000722400000, 0x0000000722400000| Untracked 
| 275|0x0000000722600000, 0x0000000722600000, 0x0000000722800000|  0%| F|  |TAMS 0x0000000722600000, 0x0000000722600000| Untracked 
| 276|0x0000000722800000, 0x0000000722800000, 0x0000000722a00000|  0%| F|  |TAMS 0x0000000722800000, 0x0000000722800000| Untracked 
| 277|0x0000000722a00000, 0x0000000722a00000, 0x0000000722c00000|  0%| F|  |TAMS 0x0000000722a00000, 0x0000000722a00000| Untracked 
| 278|0x0000000722c00000, 0x0000000722c00000, 0x0000000722e00000|  0%| F|  |TAMS 0x0000000722c00000, 0x0000000722c00000| Untracked 
| 279|0x0000000722e00000, 0x0000000722e00000, 0x0000000723000000|  0%| F|  |TAMS 0x0000000722e00000, 0x0000000722e00000| Untracked 
| 280|0x0000000723000000, 0x0000000723000000, 0x0000000723200000|  0%| F|  |TAMS 0x0000000723000000, 0x0000000723000000| Untracked 
| 281|0x0000000723200000, 0x0000000723200000, 0x0000000723400000|  0%| F|  |TAMS 0x0000000723200000, 0x0000000723200000| Untracked 
| 282|0x0000000723400000, 0x0000000723400000, 0x0000000723600000|  0%| F|  |TAMS 0x0000000723400000, 0x0000000723400000| Untracked 
| 283|0x0000000723600000, 0x0000000723600000, 0x0000000723800000|  0%| F|  |TAMS 0x0000000723600000, 0x0000000723600000| Untracked 
| 284|0x0000000723800000, 0x0000000723800000, 0x0000000723a00000|  0%| F|  |TAMS 0x0000000723800000, 0x0000000723800000| Untracked 
| 285|0x0000000723a00000, 0x0000000723a00000, 0x0000000723c00000|  0%| F|  |TAMS 0x0000000723a00000, 0x0000000723a00000| Untracked 
| 286|0x0000000723c00000, 0x0000000723c00000, 0x0000000723e00000|  0%| F|  |TAMS 0x0000000723c00000, 0x0000000723c00000| Untracked 
| 287|0x0000000723e00000, 0x0000000723e00000, 0x0000000724000000|  0%| F|  |TAMS 0x0000000723e00000, 0x0000000723e00000| Untracked 
| 288|0x0000000724000000, 0x0000000724000000, 0x0000000724200000|  0%| F|  |TAMS 0x0000000724000000, 0x0000000724000000| Untracked 
| 289|0x0000000724200000, 0x0000000724200000, 0x0000000724400000|  0%| F|  |TAMS 0x0000000724200000, 0x0000000724200000| Untracked 
| 290|0x0000000724400000, 0x0000000724400000, 0x0000000724600000|  0%| F|  |TAMS 0x0000000724400000, 0x0000000724400000| Untracked 
| 291|0x0000000724600000, 0x0000000724600000, 0x0000000724800000|  0%| F|  |TAMS 0x0000000724600000, 0x0000000724600000| Untracked 
| 292|0x0000000724800000, 0x0000000724800000, 0x0000000724a00000|  0%| F|  |TAMS 0x0000000724800000, 0x0000000724800000| Untracked 
| 293|0x0000000724a00000, 0x0000000724a00000, 0x0000000724c00000|  0%| F|  |TAMS 0x0000000724a00000, 0x0000000724a00000| Untracked 
| 294|0x0000000724c00000, 0x0000000724c00000, 0x0000000724e00000|  0%| F|  |TAMS 0x0000000724c00000, 0x0000000724c00000| Untracked 
| 295|0x0000000724e00000, 0x0000000724e00000, 0x0000000725000000|  0%| F|  |TAMS 0x0000000724e00000, 0x0000000724e00000| Untracked 
| 296|0x0000000725000000, 0x0000000725000000, 0x0000000725200000|  0%| F|  |TAMS 0x0000000725000000, 0x0000000725000000| Untracked 
| 297|0x0000000725200000, 0x0000000725200000, 0x0000000725400000|  0%| F|  |TAMS 0x0000000725200000, 0x0000000725200000| Untracked 
| 298|0x0000000725400000, 0x0000000725400000, 0x0000000725600000|  0%| F|  |TAMS 0x0000000725400000, 0x0000000725400000| Untracked 
| 299|0x0000000725600000, 0x0000000725600000, 0x0000000725800000|  0%| F|  |TAMS 0x0000000725600000, 0x0000000725600000| Untracked 
| 300|0x0000000725800000, 0x0000000725800000, 0x0000000725a00000|  0%| F|  |TAMS 0x0000000725800000, 0x0000000725800000| Untracked 
| 301|0x0000000725a00000, 0x0000000725a00000, 0x0000000725c00000|  0%| F|  |TAMS 0x0000000725a00000, 0x0000000725a00000| Untracked 
| 302|0x0000000725c00000, 0x0000000725c00000, 0x0000000725e00000|  0%| F|  |TAMS 0x0000000725c00000, 0x0000000725c00000| Untracked 
| 303|0x0000000725e00000, 0x0000000725e00000, 0x0000000726000000|  0%| F|  |TAMS 0x0000000725e00000, 0x0000000725e00000| Untracked 
| 304|0x0000000726000000, 0x0000000726000000, 0x0000000726200000|  0%| F|  |TAMS 0x0000000726000000, 0x0000000726000000| Untracked 
| 305|0x0000000726200000, 0x0000000726200000, 0x0000000726400000|  0%| F|  |TAMS 0x0000000726200000, 0x0000000726200000| Untracked 
| 306|0x0000000726400000, 0x0000000726400000, 0x0000000726600000|  0%| F|  |TAMS 0x0000000726400000, 0x0000000726400000| Untracked 
| 307|0x0000000726600000, 0x0000000726600000, 0x0000000726800000|  0%| F|  |TAMS 0x0000000726600000, 0x0000000726600000| Untracked 
| 308|0x0000000726800000, 0x0000000726800000, 0x0000000726a00000|  0%| F|  |TAMS 0x0000000726800000, 0x0000000726800000| Untracked 
| 309|0x0000000726a00000, 0x0000000726a00000, 0x0000000726c00000|  0%| F|  |TAMS 0x0000000726a00000, 0x0000000726a00000| Untracked 
| 310|0x0000000726c00000, 0x0000000726c00000, 0x0000000726e00000|  0%| F|  |TAMS 0x0000000726c00000, 0x0000000726c00000| Untracked 
| 311|0x0000000726e00000, 0x0000000726e00000, 0x0000000727000000|  0%| F|  |TAMS 0x0000000726e00000, 0x0000000726e00000| Untracked 
| 312|0x0000000727000000, 0x0000000727000000, 0x0000000727200000|  0%| F|  |TAMS 0x0000000727000000, 0x0000000727000000| Untracked 
| 313|0x0000000727200000, 0x0000000727200000, 0x0000000727400000|  0%| F|  |TAMS 0x0000000727200000, 0x0000000727200000| Untracked 
| 314|0x0000000727400000, 0x0000000727400000, 0x0000000727600000|  0%| F|  |TAMS 0x0000000727400000, 0x0000000727400000| Untracked 
| 315|0x0000000727600000, 0x0000000727600000, 0x0000000727800000|  0%| F|  |TAMS 0x0000000727600000, 0x0000000727600000| Untracked 
| 316|0x0000000727800000, 0x0000000727800000, 0x0000000727a00000|  0%| F|  |TAMS 0x0000000727800000, 0x0000000727800000| Untracked 
| 317|0x0000000727a00000, 0x0000000727a00000, 0x0000000727c00000|  0%| F|  |TAMS 0x0000000727a00000, 0x0000000727a00000| Untracked 
| 318|0x0000000727c00000, 0x0000000727c00000, 0x0000000727e00000|  0%| F|  |TAMS 0x0000000727c00000, 0x0000000727c00000| Untracked 
| 319|0x0000000727e00000, 0x0000000727e00000, 0x0000000728000000|  0%| F|  |TAMS 0x0000000727e00000, 0x0000000727e00000| Untracked 
| 320|0x0000000728000000, 0x0000000728000000, 0x0000000728200000|  0%| F|  |TAMS 0x0000000728000000, 0x0000000728000000| Untracked 
| 321|0x0000000728200000, 0x0000000728200000, 0x0000000728400000|  0%| F|  |TAMS 0x0000000728200000, 0x0000000728200000| Untracked 
| 322|0x0000000728400000, 0x0000000728400000, 0x0000000728600000|  0%| F|  |TAMS 0x0000000728400000, 0x0000000728400000| Untracked 
| 323|0x0000000728600000, 0x0000000728600000, 0x0000000728800000|  0%| F|  |TAMS 0x0000000728600000, 0x0000000728600000| Untracked 
| 324|0x0000000728800000, 0x0000000728800000, 0x0000000728a00000|  0%| F|  |TAMS 0x0000000728800000, 0x0000000728800000| Untracked 
| 325|0x0000000728a00000, 0x0000000728a00000, 0x0000000728c00000|  0%| F|  |TAMS 0x0000000728a00000, 0x0000000728a00000| Untracked 
| 326|0x0000000728c00000, 0x0000000728c00000, 0x0000000728e00000|  0%| F|  |TAMS 0x0000000728c00000, 0x0000000728c00000| Untracked 
| 327|0x0000000728e00000, 0x0000000728e00000, 0x0000000729000000|  0%| F|  |TAMS 0x0000000728e00000, 0x0000000728e00000| Untracked 
| 328|0x0000000729000000, 0x0000000729000000, 0x0000000729200000|  0%| F|  |TAMS 0x0000000729000000, 0x0000000729000000| Untracked 
| 329|0x0000000729200000, 0x0000000729200000, 0x0000000729400000|  0%| F|  |TAMS 0x0000000729200000, 0x0000000729200000| Untracked 
| 330|0x0000000729400000, 0x0000000729400000, 0x0000000729600000|  0%| F|  |TAMS 0x0000000729400000, 0x0000000729400000| Untracked 
| 331|0x0000000729600000, 0x0000000729600000, 0x0000000729800000|  0%| F|  |TAMS 0x0000000729600000, 0x0000000729600000| Untracked 
| 332|0x0000000729800000, 0x0000000729800000, 0x0000000729a00000|  0%| F|  |TAMS 0x0000000729800000, 0x0000000729800000| Untracked 
| 333|0x0000000729a00000, 0x0000000729a00000, 0x0000000729c00000|  0%| F|  |TAMS 0x0000000729a00000, 0x0000000729a00000| Untracked 
| 334|0x0000000729c00000, 0x0000000729c00000, 0x0000000729e00000|  0%| F|  |TAMS 0x0000000729c00000, 0x0000000729c00000| Untracked 
| 335|0x0000000729e00000, 0x0000000729e00000, 0x000000072a000000|  0%| F|  |TAMS 0x0000000729e00000, 0x0000000729e00000| Untracked 
| 336|0x000000072a000000, 0x000000072a000000, 0x000000072a200000|  0%| F|  |TAMS 0x000000072a000000, 0x000000072a000000| Untracked 
| 337|0x000000072a200000, 0x000000072a200000, 0x000000072a400000|  0%| F|  |TAMS 0x000000072a200000, 0x000000072a200000| Untracked 
| 338|0x000000072a400000, 0x000000072a400000, 0x000000072a600000|  0%| F|  |TAMS 0x000000072a400000, 0x000000072a400000| Untracked 
| 339|0x000000072a600000, 0x000000072a600000, 0x000000072a800000|  0%| F|  |TAMS 0x000000072a600000, 0x000000072a600000| Untracked 
| 340|0x000000072a800000, 0x000000072a800000, 0x000000072aa00000|  0%| F|  |TAMS 0x000000072a800000, 0x000000072a800000| Untracked 
| 341|0x000000072aa00000, 0x000000072aa00000, 0x000000072ac00000|  0%| F|  |TAMS 0x000000072aa00000, 0x000000072aa00000| Untracked 
| 342|0x000000072ac00000, 0x000000072ac00000, 0x000000072ae00000|  0%| F|  |TAMS 0x000000072ac00000, 0x000000072ac00000| Untracked 
| 343|0x000000072ae00000, 0x000000072ae00000, 0x000000072b000000|  0%| F|  |TAMS 0x000000072ae00000, 0x000000072ae00000| Untracked 
| 344|0x000000072b000000, 0x000000072b000000, 0x000000072b200000|  0%| F|  |TAMS 0x000000072b000000, 0x000000072b000000| Untracked 
| 345|0x000000072b200000, 0x000000072b200000, 0x000000072b400000|  0%| F|  |TAMS 0x000000072b200000, 0x000000072b200000| Untracked 
| 346|0x000000072b400000, 0x000000072b400000, 0x000000072b600000|  0%| F|  |TAMS 0x000000072b400000, 0x000000072b400000| Untracked 
| 347|0x000000072b600000, 0x000000072b600000, 0x000000072b800000|  0%| F|  |TAMS 0x000000072b600000, 0x000000072b600000| Untracked 
| 348|0x000000072b800000, 0x000000072b800000, 0x000000072ba00000|  0%| F|  |TAMS 0x000000072b800000, 0x000000072b800000| Untracked 
| 349|0x000000072ba00000, 0x000000072ba00000, 0x000000072bc00000|  0%| F|  |TAMS 0x000000072ba00000, 0x000000072ba00000| Untracked 
| 350|0x000000072bc00000, 0x000000072bc00000, 0x000000072be00000|  0%| F|  |TAMS 0x000000072bc00000, 0x000000072bc00000| Untracked 
| 351|0x000000072be00000, 0x000000072be00000, 0x000000072c000000|  0%| F|  |TAMS 0x000000072be00000, 0x000000072be00000| Untracked 
| 352|0x000000072c000000, 0x000000072c000000, 0x000000072c200000|  0%| F|  |TAMS 0x000000072c000000, 0x000000072c000000| Untracked 
| 353|0x000000072c200000, 0x000000072c200000, 0x000000072c400000|  0%| F|  |TAMS 0x000000072c200000, 0x000000072c200000| Untracked 
| 354|0x000000072c400000, 0x000000072c400000, 0x000000072c600000|  0%| F|  |TAMS 0x000000072c400000, 0x000000072c400000| Untracked 
| 355|0x000000072c600000, 0x000000072c600000, 0x000000072c800000|  0%| F|  |TAMS 0x000000072c600000, 0x000000072c600000| Untracked 
| 356|0x000000072c800000, 0x000000072c800000, 0x000000072ca00000|  0%| F|  |TAMS 0x000000072c800000, 0x000000072c800000| Untracked 
| 357|0x000000072ca00000, 0x000000072ca00000, 0x000000072cc00000|  0%| F|  |TAMS 0x000000072ca00000, 0x000000072ca00000| Untracked 
| 358|0x000000072cc00000, 0x000000072cc00000, 0x000000072ce00000|  0%| F|  |TAMS 0x000000072cc00000, 0x000000072cc00000| Untracked 
| 359|0x000000072ce00000, 0x000000072ce00000, 0x000000072d000000|  0%| F|  |TAMS 0x000000072ce00000, 0x000000072ce00000| Untracked 
| 360|0x000000072d000000, 0x000000072d000000, 0x000000072d200000|  0%| F|  |TAMS 0x000000072d000000, 0x000000072d000000| Untracked 
| 361|0x000000072d200000, 0x000000072d200000, 0x000000072d400000|  0%| F|  |TAMS 0x000000072d200000, 0x000000072d200000| Untracked 
| 362|0x000000072d400000, 0x000000072d400000, 0x000000072d600000|  0%| F|  |TAMS 0x000000072d400000, 0x000000072d400000| Untracked 
| 363|0x000000072d600000, 0x000000072d600000, 0x000000072d800000|  0%| F|  |TAMS 0x000000072d600000, 0x000000072d600000| Untracked 
| 364|0x000000072d800000, 0x000000072d800000, 0x000000072da00000|  0%| F|  |TAMS 0x000000072d800000, 0x000000072d800000| Untracked 
| 365|0x000000072da00000, 0x000000072da00000, 0x000000072dc00000|  0%| F|  |TAMS 0x000000072da00000, 0x000000072da00000| Untracked 
| 366|0x000000072dc00000, 0x000000072dc00000, 0x000000072de00000|  0%| F|  |TAMS 0x000000072dc00000, 0x000000072dc00000| Untracked 
| 367|0x000000072de00000, 0x000000072de00000, 0x000000072e000000|  0%| F|  |TAMS 0x000000072de00000, 0x000000072de00000| Untracked 
| 368|0x000000072e000000, 0x000000072e000000, 0x000000072e200000|  0%| F|  |TAMS 0x000000072e000000, 0x000000072e000000| Untracked 
| 369|0x000000072e200000, 0x000000072e200000, 0x000000072e400000|  0%| F|  |TAMS 0x000000072e200000, 0x000000072e200000| Untracked 
| 370|0x000000072e400000, 0x000000072e400000, 0x000000072e600000|  0%| F|  |TAMS 0x000000072e400000, 0x000000072e400000| Untracked 
| 371|0x000000072e600000, 0x000000072e600000, 0x000000072e800000|  0%| F|  |TAMS 0x000000072e600000, 0x000000072e600000| Untracked 
| 372|0x000000072e800000, 0x000000072e800000, 0x000000072ea00000|  0%| F|  |TAMS 0x000000072e800000, 0x000000072e800000| Untracked 
| 373|0x000000072ea00000, 0x000000072ea00000, 0x000000072ec00000|  0%| F|  |TAMS 0x000000072ea00000, 0x000000072ea00000| Untracked 
| 374|0x000000072ec00000, 0x000000072ec00000, 0x000000072ee00000|  0%| F|  |TAMS 0x000000072ec00000, 0x000000072ec00000| Untracked 
| 375|0x000000072ee00000, 0x000000072ee00000, 0x000000072f000000|  0%| F|  |TAMS 0x000000072ee00000, 0x000000072ee00000| Untracked 
| 376|0x000000072f000000, 0x000000072f000000, 0x000000072f200000|  0%| F|  |TAMS 0x000000072f000000, 0x000000072f000000| Untracked 
| 377|0x000000072f200000, 0x000000072f200000, 0x000000072f400000|  0%| F|  |TAMS 0x000000072f200000, 0x000000072f200000| Untracked 
| 378|0x000000072f400000, 0x000000072f400000, 0x000000072f600000|  0%| F|  |TAMS 0x000000072f400000, 0x000000072f400000| Untracked 
| 379|0x000000072f600000, 0x000000072f600000, 0x000000072f800000|  0%| F|  |TAMS 0x000000072f600000, 0x000000072f600000| Untracked 
| 380|0x000000072f800000, 0x000000072f800000, 0x000000072fa00000|  0%| F|  |TAMS 0x000000072f800000, 0x000000072f800000| Untracked 
| 381|0x000000072fa00000, 0x000000072fa00000, 0x000000072fc00000|  0%| F|  |TAMS 0x000000072fa00000, 0x000000072fa00000| Untracked 
| 382|0x000000072fc00000, 0x000000072fc00000, 0x000000072fe00000|  0%| F|  |TAMS 0x000000072fc00000, 0x000000072fc00000| Untracked 
| 383|0x000000072fe00000, 0x000000072fe00000, 0x0000000730000000|  0%| F|  |TAMS 0x000000072fe00000, 0x000000072fe00000| Untracked 
| 384|0x0000000730000000, 0x0000000730000000, 0x0000000730200000|  0%| F|  |TAMS 0x0000000730000000, 0x0000000730000000| Untracked 
| 385|0x0000000730200000, 0x0000000730200000, 0x0000000730400000|  0%| F|  |TAMS 0x0000000730200000, 0x0000000730200000| Untracked 
| 386|0x0000000730400000, 0x0000000730400000, 0x0000000730600000|  0%| F|  |TAMS 0x0000000730400000, 0x0000000730400000| Untracked 
| 387|0x0000000730600000, 0x0000000730600000, 0x0000000730800000|  0%| F|  |TAMS 0x0000000730600000, 0x0000000730600000| Untracked 
| 388|0x0000000730800000, 0x0000000730800000, 0x0000000730a00000|  0%| F|  |TAMS 0x0000000730800000, 0x0000000730800000| Untracked 
| 389|0x0000000730a00000, 0x0000000730a00000, 0x0000000730c00000|  0%| F|  |TAMS 0x0000000730a00000, 0x0000000730a00000| Untracked 
| 390|0x0000000730c00000, 0x0000000730c00000, 0x0000000730e00000|  0%| F|  |TAMS 0x0000000730c00000, 0x0000000730c00000| Untracked 
| 391|0x0000000730e00000, 0x0000000730e00000, 0x0000000731000000|  0%| F|  |TAMS 0x0000000730e00000, 0x0000000730e00000| Untracked 
| 392|0x0000000731000000, 0x0000000731000000, 0x0000000731200000|  0%| F|  |TAMS 0x0000000731000000, 0x0000000731000000| Untracked 
| 393|0x0000000731200000, 0x0000000731200000, 0x0000000731400000|  0%| F|  |TAMS 0x0000000731200000, 0x0000000731200000| Untracked 
| 394|0x0000000731400000, 0x0000000731400000, 0x0000000731600000|  0%| F|  |TAMS 0x0000000731400000, 0x0000000731400000| Untracked 
| 395|0x0000000731600000, 0x0000000731600000, 0x0000000731800000|  0%| F|  |TAMS 0x0000000731600000, 0x0000000731600000| Untracked 
| 396|0x0000000731800000, 0x0000000731800000, 0x0000000731a00000|  0%| F|  |TAMS 0x0000000731800000, 0x0000000731800000| Untracked 
| 397|0x0000000731a00000, 0x0000000731a00000, 0x0000000731c00000|  0%| F|  |TAMS 0x0000000731a00000, 0x0000000731a00000| Untracked 
| 398|0x0000000731c00000, 0x0000000731c00000, 0x0000000731e00000|  0%| F|  |TAMS 0x0000000731c00000, 0x0000000731c00000| Untracked 
| 399|0x0000000731e00000, 0x0000000731e00000, 0x0000000732000000|  0%| F|  |TAMS 0x0000000731e00000, 0x0000000731e00000| Untracked 
| 400|0x0000000732000000, 0x0000000732000000, 0x0000000732200000|  0%| F|  |TAMS 0x0000000732000000, 0x0000000732000000| Untracked 
| 401|0x0000000732200000, 0x0000000732200000, 0x0000000732400000|  0%| F|  |TAMS 0x0000000732200000, 0x0000000732200000| Untracked 
| 402|0x0000000732400000, 0x0000000732400000, 0x0000000732600000|  0%| F|  |TAMS 0x0000000732400000, 0x0000000732400000| Untracked 
| 403|0x0000000732600000, 0x0000000732600000, 0x0000000732800000|  0%| F|  |TAMS 0x0000000732600000, 0x0000000732600000| Untracked 
| 404|0x0000000732800000, 0x0000000732800000, 0x0000000732a00000|  0%| F|  |TAMS 0x0000000732800000, 0x0000000732800000| Untracked 
| 405|0x0000000732a00000, 0x0000000732a00000, 0x0000000732c00000|  0%| F|  |TAMS 0x0000000732a00000, 0x0000000732a00000| Untracked 
| 406|0x0000000732c00000, 0x0000000732c00000, 0x0000000732e00000|  0%| F|  |TAMS 0x0000000732c00000, 0x0000000732c00000| Untracked 
| 407|0x0000000732e00000, 0x0000000732e00000, 0x0000000733000000|  0%| F|  |TAMS 0x0000000732e00000, 0x0000000732e00000| Untracked 
| 408|0x0000000733000000, 0x0000000733000000, 0x0000000733200000|  0%| F|  |TAMS 0x0000000733000000, 0x0000000733000000| Untracked 
| 409|0x0000000733200000, 0x0000000733200000, 0x0000000733400000|  0%| F|  |TAMS 0x0000000733200000, 0x0000000733200000| Untracked 
| 410|0x0000000733400000, 0x0000000733400000, 0x0000000733600000|  0%| F|  |TAMS 0x0000000733400000, 0x0000000733400000| Untracked 
| 411|0x0000000733600000, 0x0000000733600000, 0x0000000733800000|  0%| F|  |TAMS 0x0000000733600000, 0x0000000733600000| Untracked 
| 412|0x0000000733800000, 0x0000000733800000, 0x0000000733a00000|  0%| F|  |TAMS 0x0000000733800000, 0x0000000733800000| Untracked 
| 413|0x0000000733a00000, 0x0000000733a00000, 0x0000000733c00000|  0%| F|  |TAMS 0x0000000733a00000, 0x0000000733a00000| Untracked 
| 414|0x0000000733c00000, 0x0000000733c00000, 0x0000000733e00000|  0%| F|  |TAMS 0x0000000733c00000, 0x0000000733c00000| Untracked 
| 415|0x0000000733e00000, 0x0000000733e00000, 0x0000000734000000|  0%| F|  |TAMS 0x0000000733e00000, 0x0000000733e00000| Untracked 
| 416|0x0000000734000000, 0x0000000734000000, 0x0000000734200000|  0%| F|  |TAMS 0x0000000734000000, 0x0000000734000000| Untracked 
| 417|0x0000000734200000, 0x0000000734200000, 0x0000000734400000|  0%| F|  |TAMS 0x0000000734200000, 0x0000000734200000| Untracked 
| 418|0x0000000734400000, 0x0000000734400000, 0x0000000734600000|  0%| F|  |TAMS 0x0000000734400000, 0x0000000734400000| Untracked 
| 419|0x0000000734600000, 0x0000000734600000, 0x0000000734800000|  0%| F|  |TAMS 0x0000000734600000, 0x0000000734600000| Untracked 
| 420|0x0000000734800000, 0x0000000734800000, 0x0000000734a00000|  0%| F|  |TAMS 0x0000000734800000, 0x0000000734800000| Untracked 
| 421|0x0000000734a00000, 0x0000000734a00000, 0x0000000734c00000|  0%| F|  |TAMS 0x0000000734a00000, 0x0000000734a00000| Untracked 
| 422|0x0000000734c00000, 0x0000000734c00000, 0x0000000734e00000|  0%| F|  |TAMS 0x0000000734c00000, 0x0000000734c00000| Untracked 
| 423|0x0000000734e00000, 0x0000000734e00000, 0x0000000735000000|  0%| F|  |TAMS 0x0000000734e00000, 0x0000000734e00000| Untracked 
| 424|0x0000000735000000, 0x0000000735000000, 0x0000000735200000|  0%| F|  |TAMS 0x0000000735000000, 0x0000000735000000| Untracked 
| 425|0x0000000735200000, 0x0000000735200000, 0x0000000735400000|  0%| F|  |TAMS 0x0000000735200000, 0x0000000735200000| Untracked 
| 426|0x0000000735400000, 0x0000000735400000, 0x0000000735600000|  0%| F|  |TAMS 0x0000000735400000, 0x0000000735400000| Untracked 
| 427|0x0000000735600000, 0x0000000735600000, 0x0000000735800000|  0%| F|  |TAMS 0x0000000735600000, 0x0000000735600000| Untracked 
| 428|0x0000000735800000, 0x0000000735800000, 0x0000000735a00000|  0%| F|  |TAMS 0x0000000735800000, 0x0000000735800000| Untracked 
| 429|0x0000000735a00000, 0x0000000735a00000, 0x0000000735c00000|  0%| F|  |TAMS 0x0000000735a00000, 0x0000000735a00000| Untracked 
| 430|0x0000000735c00000, 0x0000000735c00000, 0x0000000735e00000|  0%| F|  |TAMS 0x0000000735c00000, 0x0000000735c00000| Untracked 
| 431|0x0000000735e00000, 0x0000000735e00000, 0x0000000736000000|  0%| F|  |TAMS 0x0000000735e00000, 0x0000000735e00000| Untracked 
| 432|0x0000000736000000, 0x0000000736000000, 0x0000000736200000|  0%| F|  |TAMS 0x0000000736000000, 0x0000000736000000| Untracked 
| 433|0x0000000736200000, 0x0000000736200000, 0x0000000736400000|  0%| F|  |TAMS 0x0000000736200000, 0x0000000736200000| Untracked 
| 434|0x0000000736400000, 0x0000000736400000, 0x0000000736600000|  0%| F|  |TAMS 0x0000000736400000, 0x0000000736400000| Untracked 
| 435|0x0000000736600000, 0x0000000736600000, 0x0000000736800000|  0%| F|  |TAMS 0x0000000736600000, 0x0000000736600000| Untracked 
| 436|0x0000000736800000, 0x0000000736800000, 0x0000000736a00000|  0%| F|  |TAMS 0x0000000736800000, 0x0000000736800000| Untracked 
| 437|0x0000000736a00000, 0x0000000736a00000, 0x0000000736c00000|  0%| F|  |TAMS 0x0000000736a00000, 0x0000000736a00000| Untracked 
| 438|0x0000000736c00000, 0x0000000736c00000, 0x0000000736e00000|  0%| F|  |TAMS 0x0000000736c00000, 0x0000000736c00000| Untracked 
| 439|0x0000000736e00000, 0x0000000736e00000, 0x0000000737000000|  0%| F|  |TAMS 0x0000000736e00000, 0x0000000736e00000| Untracked 
| 440|0x0000000737000000, 0x0000000737000000, 0x0000000737200000|  0%| F|  |TAMS 0x0000000737000000, 0x0000000737000000| Untracked 
| 441|0x0000000737200000, 0x0000000737200000, 0x0000000737400000|  0%| F|  |TAMS 0x0000000737200000, 0x0000000737200000| Untracked 
| 442|0x0000000737400000, 0x0000000737400000, 0x0000000737600000|  0%| F|  |TAMS 0x0000000737400000, 0x0000000737400000| Untracked 
| 443|0x0000000737600000, 0x0000000737600000, 0x0000000737800000|  0%| F|  |TAMS 0x0000000737600000, 0x0000000737600000| Untracked 
| 444|0x0000000737800000, 0x0000000737800000, 0x0000000737a00000|  0%| F|  |TAMS 0x0000000737800000, 0x0000000737800000| Untracked 
| 445|0x0000000737a00000, 0x0000000737a00000, 0x0000000737c00000|  0%| F|  |TAMS 0x0000000737a00000, 0x0000000737a00000| Untracked 
| 446|0x0000000737c00000, 0x0000000737c00000, 0x0000000737e00000|  0%| F|  |TAMS 0x0000000737c00000, 0x0000000737c00000| Untracked 
| 447|0x0000000737e00000, 0x0000000737e00000, 0x0000000738000000|  0%| F|  |TAMS 0x0000000737e00000, 0x0000000737e00000| Untracked 
| 448|0x0000000738000000, 0x0000000738000000, 0x0000000738200000|  0%| F|  |TAMS 0x0000000738000000, 0x0000000738000000| Untracked 
| 449|0x0000000738200000, 0x0000000738200000, 0x0000000738400000|  0%| F|  |TAMS 0x0000000738200000, 0x0000000738200000| Untracked 
| 450|0x0000000738400000, 0x0000000738400000, 0x0000000738600000|  0%| F|  |TAMS 0x0000000738400000, 0x0000000738400000| Untracked 
| 451|0x0000000738600000, 0x0000000738600000, 0x0000000738800000|  0%| F|  |TAMS 0x0000000738600000, 0x0000000738600000| Untracked 
| 452|0x0000000738800000, 0x0000000738800000, 0x0000000738a00000|  0%| F|  |TAMS 0x0000000738800000, 0x0000000738800000| Untracked 
| 453|0x0000000738a00000, 0x0000000738a00000, 0x0000000738c00000|  0%| F|  |TAMS 0x0000000738a00000, 0x0000000738a00000| Untracked 
| 454|0x0000000738c00000, 0x0000000738c00000, 0x0000000738e00000|  0%| F|  |TAMS 0x0000000738c00000, 0x0000000738c00000| Untracked 
| 455|0x0000000738e00000, 0x0000000738e00000, 0x0000000739000000|  0%| F|  |TAMS 0x0000000738e00000, 0x0000000738e00000| Untracked 
| 456|0x0000000739000000, 0x0000000739000000, 0x0000000739200000|  0%| F|  |TAMS 0x0000000739000000, 0x0000000739000000| Untracked 
| 457|0x0000000739200000, 0x0000000739200000, 0x0000000739400000|  0%| F|  |TAMS 0x0000000739200000, 0x0000000739200000| Untracked 
| 458|0x0000000739400000, 0x0000000739400000, 0x0000000739600000|  0%| F|  |TAMS 0x0000000739400000, 0x0000000739400000| Untracked 
| 459|0x0000000739600000, 0x0000000739600000, 0x0000000739800000|  0%| F|  |TAMS 0x0000000739600000, 0x0000000739600000| Untracked 
| 460|0x0000000739800000, 0x0000000739800000, 0x0000000739a00000|  0%| F|  |TAMS 0x0000000739800000, 0x0000000739800000| Untracked 
| 461|0x0000000739a00000, 0x0000000739a00000, 0x0000000739c00000|  0%| F|  |TAMS 0x0000000739a00000, 0x0000000739a00000| Untracked 
| 462|0x0000000739c00000, 0x0000000739c00000, 0x0000000739e00000|  0%| F|  |TAMS 0x0000000739c00000, 0x0000000739c00000| Untracked 
| 463|0x0000000739e00000, 0x0000000739e00000, 0x000000073a000000|  0%| F|  |TAMS 0x0000000739e00000, 0x0000000739e00000| Untracked 
| 464|0x000000073a000000, 0x000000073a000000, 0x000000073a200000|  0%| F|  |TAMS 0x000000073a000000, 0x000000073a000000| Untracked 
| 465|0x000000073a200000, 0x000000073a200000, 0x000000073a400000|  0%| F|  |TAMS 0x000000073a200000, 0x000000073a200000| Untracked 
| 466|0x000000073a400000, 0x000000073a400000, 0x000000073a600000|  0%| F|  |TAMS 0x000000073a400000, 0x000000073a400000| Untracked 
| 467|0x000000073a600000, 0x000000073a600000, 0x000000073a800000|  0%| F|  |TAMS 0x000000073a600000, 0x000000073a600000| Untracked 
| 468|0x000000073a800000, 0x000000073a800000, 0x000000073aa00000|  0%| F|  |TAMS 0x000000073a800000, 0x000000073a800000| Untracked 
| 469|0x000000073aa00000, 0x000000073aa00000, 0x000000073ac00000|  0%| F|  |TAMS 0x000000073aa00000, 0x000000073aa00000| Untracked 
| 470|0x000000073ac00000, 0x000000073ac00000, 0x000000073ae00000|  0%| F|  |TAMS 0x000000073ac00000, 0x000000073ac00000| Untracked 
| 471|0x000000073ae00000, 0x000000073ae00000, 0x000000073b000000|  0%| F|  |TAMS 0x000000073ae00000, 0x000000073ae00000| Untracked 
| 472|0x000000073b000000, 0x000000073b000000, 0x000000073b200000|  0%| F|  |TAMS 0x000000073b000000, 0x000000073b000000| Untracked 
| 473|0x000000073b200000, 0x000000073b200000, 0x000000073b400000|  0%| F|  |TAMS 0x000000073b200000, 0x000000073b200000| Untracked 
| 474|0x000000073b400000, 0x000000073b400000, 0x000000073b600000|  0%| F|  |TAMS 0x000000073b400000, 0x000000073b400000| Untracked 
| 475|0x000000073b600000, 0x000000073b600000, 0x000000073b800000|  0%| F|  |TAMS 0x000000073b600000, 0x000000073b600000| Untracked 
| 476|0x000000073b800000, 0x000000073b800000, 0x000000073ba00000|  0%| F|  |TAMS 0x000000073b800000, 0x000000073b800000| Untracked 
| 477|0x000000073ba00000, 0x000000073ba00000, 0x000000073bc00000|  0%| F|  |TAMS 0x000000073ba00000, 0x000000073ba00000| Untracked 
| 478|0x000000073bc00000, 0x000000073bc00000, 0x000000073be00000|  0%| F|  |TAMS 0x000000073bc00000, 0x000000073bc00000| Untracked 
| 479|0x000000073be00000, 0x000000073be00000, 0x000000073c000000|  0%| F|  |TAMS 0x000000073be00000, 0x000000073be00000| Untracked 
| 480|0x000000073c000000, 0x000000073c000000, 0x000000073c200000|  0%| F|  |TAMS 0x000000073c000000, 0x000000073c000000| Untracked 
| 481|0x000000073c200000, 0x000000073c200000, 0x000000073c400000|  0%| F|  |TAMS 0x000000073c200000, 0x000000073c200000| Untracked 
| 482|0x000000073c400000, 0x000000073c400000, 0x000000073c600000|  0%| F|  |TAMS 0x000000073c400000, 0x000000073c400000| Untracked 
| 483|0x000000073c600000, 0x000000073c600000, 0x000000073c800000|  0%| F|  |TAMS 0x000000073c600000, 0x000000073c600000| Untracked 
| 484|0x000000073c800000, 0x000000073c800000, 0x000000073ca00000|  0%| F|  |TAMS 0x000000073c800000, 0x000000073c800000| Untracked 
| 485|0x000000073ca00000, 0x000000073ca00000, 0x000000073cc00000|  0%| F|  |TAMS 0x000000073ca00000, 0x000000073ca00000| Untracked 
| 486|0x000000073cc00000, 0x000000073cc00000, 0x000000073ce00000|  0%| F|  |TAMS 0x000000073cc00000, 0x000000073cc00000| Untracked 
| 487|0x000000073ce00000, 0x000000073ce00000, 0x000000073d000000|  0%| F|  |TAMS 0x000000073ce00000, 0x000000073ce00000| Untracked 
| 488|0x000000073d000000, 0x000000073d000000, 0x000000073d200000|  0%| F|  |TAMS 0x000000073d000000, 0x000000073d000000| Untracked 
| 489|0x000000073d200000, 0x000000073d200000, 0x000000073d400000|  0%| F|  |TAMS 0x000000073d200000, 0x000000073d200000| Untracked 
| 490|0x000000073d400000, 0x000000073d400000, 0x000000073d600000|  0%| F|  |TAMS 0x000000073d400000, 0x000000073d400000| Untracked 
| 491|0x000000073d600000, 0x000000073d600000, 0x000000073d800000|  0%| F|  |TAMS 0x000000073d600000, 0x000000073d600000| Untracked 
| 492|0x000000073d800000, 0x000000073d800000, 0x000000073da00000|  0%| F|  |TAMS 0x000000073d800000, 0x000000073d800000| Untracked 
| 493|0x000000073da00000, 0x000000073da00000, 0x000000073dc00000|  0%| F|  |TAMS 0x000000073da00000, 0x000000073da00000| Untracked 
| 494|0x000000073dc00000, 0x000000073dc00000, 0x000000073de00000|  0%| F|  |TAMS 0x000000073dc00000, 0x000000073dc00000| Untracked 
| 495|0x000000073de00000, 0x000000073de00000, 0x000000073e000000|  0%| F|  |TAMS 0x000000073de00000, 0x000000073de00000| Untracked 
| 496|0x000000073e000000, 0x000000073e000000, 0x000000073e200000|  0%| F|  |TAMS 0x000000073e000000, 0x000000073e000000| Untracked 
| 497|0x000000073e200000, 0x000000073e200000, 0x000000073e400000|  0%| F|  |TAMS 0x000000073e200000, 0x000000073e200000| Untracked 
| 498|0x000000073e400000, 0x000000073e400000, 0x000000073e600000|  0%| F|  |TAMS 0x000000073e400000, 0x000000073e400000| Untracked 
| 499|0x000000073e600000, 0x000000073e600000, 0x000000073e800000|  0%| F|  |TAMS 0x000000073e600000, 0x000000073e600000| Untracked 
| 500|0x000000073e800000, 0x000000073e800000, 0x000000073ea00000|  0%| F|  |TAMS 0x000000073e800000, 0x000000073e800000| Untracked 
| 501|0x000000073ea00000, 0x000000073ea00000, 0x000000073ec00000|  0%| F|  |TAMS 0x000000073ea00000, 0x000000073ea00000| Untracked 
| 502|0x000000073ec00000, 0x000000073ec00000, 0x000000073ee00000|  0%| F|  |TAMS 0x000000073ec00000, 0x000000073ec00000| Untracked 
| 503|0x000000073ee00000, 0x000000073ee00000, 0x000000073f000000|  0%| F|  |TAMS 0x000000073ee00000, 0x000000073ee00000| Untracked 
| 504|0x000000073f000000, 0x000000073f000000, 0x000000073f200000|  0%| F|  |TAMS 0x000000073f000000, 0x000000073f000000| Untracked 
| 505|0x000000073f200000, 0x000000073f200000, 0x000000073f400000|  0%| F|  |TAMS 0x000000073f200000, 0x000000073f200000| Untracked 
| 506|0x000000073f400000, 0x000000073f400000, 0x000000073f600000|  0%| F|  |TAMS 0x000000073f400000, 0x000000073f400000| Untracked 
| 507|0x000000073f600000, 0x000000073f600000, 0x000000073f800000|  0%| F|  |TAMS 0x000000073f600000, 0x000000073f600000| Untracked 
| 508|0x000000073f800000, 0x000000073f800000, 0x000000073fa00000|  0%| F|  |TAMS 0x000000073f800000, 0x000000073f800000| Untracked 
| 509|0x000000073fa00000, 0x000000073fa00000, 0x000000073fc00000|  0%| F|  |TAMS 0x000000073fa00000, 0x000000073fa00000| Untracked 
| 510|0x000000073fc00000, 0x000000073fc00000, 0x000000073fe00000|  0%| F|  |TAMS 0x000000073fc00000, 0x000000073fc00000| Untracked 
| 511|0x000000073fe00000, 0x000000073fe00000, 0x0000000740000000|  0%| F|  |TAMS 0x000000073fe00000, 0x000000073fe00000| Untracked 
| 512|0x0000000740000000, 0x0000000740000000, 0x0000000740200000|  0%| F|  |TAMS 0x0000000740000000, 0x0000000740000000| Untracked 
| 513|0x0000000740200000, 0x0000000740200000, 0x0000000740400000|  0%| F|  |TAMS 0x0000000740200000, 0x0000000740200000| Untracked 
| 514|0x0000000740400000, 0x0000000740400000, 0x0000000740600000|  0%| F|  |TAMS 0x0000000740400000, 0x0000000740400000| Untracked 
| 515|0x0000000740600000, 0x0000000740600000, 0x0000000740800000|  0%| F|  |TAMS 0x0000000740600000, 0x0000000740600000| Untracked 
| 516|0x0000000740800000, 0x0000000740800000, 0x0000000740a00000|  0%| F|  |TAMS 0x0000000740800000, 0x0000000740800000| Untracked 
| 517|0x0000000740a00000, 0x0000000740a00000, 0x0000000740c00000|  0%| F|  |TAMS 0x0000000740a00000, 0x0000000740a00000| Untracked 
| 518|0x0000000740c00000, 0x0000000740c00000, 0x0000000740e00000|  0%| F|  |TAMS 0x0000000740c00000, 0x0000000740c00000| Untracked 
| 519|0x0000000740e00000, 0x0000000740e00000, 0x0000000741000000|  0%| F|  |TAMS 0x0000000740e00000, 0x0000000740e00000| Untracked 
| 520|0x0000000741000000, 0x0000000741000000, 0x0000000741200000|  0%| F|  |TAMS 0x0000000741000000, 0x0000000741000000| Untracked 
| 521|0x0000000741200000, 0x0000000741200000, 0x0000000741400000|  0%| F|  |TAMS 0x0000000741200000, 0x0000000741200000| Untracked 
| 522|0x0000000741400000, 0x0000000741400000, 0x0000000741600000|  0%| F|  |TAMS 0x0000000741400000, 0x0000000741400000| Untracked 
| 523|0x0000000741600000, 0x0000000741600000, 0x0000000741800000|  0%| F|  |TAMS 0x0000000741600000, 0x0000000741600000| Untracked 
| 524|0x0000000741800000, 0x0000000741800000, 0x0000000741a00000|  0%| F|  |TAMS 0x0000000741800000, 0x0000000741800000| Untracked 
| 525|0x0000000741a00000, 0x0000000741a00000, 0x0000000741c00000|  0%| F|  |TAMS 0x0000000741a00000, 0x0000000741a00000| Untracked 
| 526|0x0000000741c00000, 0x0000000741c00000, 0x0000000741e00000|  0%| F|  |TAMS 0x0000000741c00000, 0x0000000741c00000| Untracked 
| 527|0x0000000741e00000, 0x0000000741e00000, 0x0000000742000000|  0%| F|  |TAMS 0x0000000741e00000, 0x0000000741e00000| Untracked 
| 528|0x0000000742000000, 0x0000000742000000, 0x0000000742200000|  0%| F|  |TAMS 0x0000000742000000, 0x0000000742000000| Untracked 
| 529|0x0000000742200000, 0x0000000742200000, 0x0000000742400000|  0%| F|  |TAMS 0x0000000742200000, 0x0000000742200000| Untracked 
| 530|0x0000000742400000, 0x0000000742400000, 0x0000000742600000|  0%| F|  |TAMS 0x0000000742400000, 0x0000000742400000| Untracked 
| 531|0x0000000742600000, 0x0000000742600000, 0x0000000742800000|  0%| F|  |TAMS 0x0000000742600000, 0x0000000742600000| Untracked 
| 532|0x0000000742800000, 0x0000000742800000, 0x0000000742a00000|  0%| F|  |TAMS 0x0000000742800000, 0x0000000742800000| Untracked 
| 533|0x0000000742a00000, 0x0000000742a00000, 0x0000000742c00000|  0%| F|  |TAMS 0x0000000742a00000, 0x0000000742a00000| Untracked 
| 534|0x0000000742c00000, 0x0000000742c00000, 0x0000000742e00000|  0%| F|  |TAMS 0x0000000742c00000, 0x0000000742c00000| Untracked 
| 535|0x0000000742e00000, 0x0000000742e00000, 0x0000000743000000|  0%| F|  |TAMS 0x0000000742e00000, 0x0000000742e00000| Untracked 
| 536|0x0000000743000000, 0x0000000743000000, 0x0000000743200000|  0%| F|  |TAMS 0x0000000743000000, 0x0000000743000000| Untracked 
| 537|0x0000000743200000, 0x0000000743200000, 0x0000000743400000|  0%| F|  |TAMS 0x0000000743200000, 0x0000000743200000| Untracked 
| 538|0x0000000743400000, 0x0000000743400000, 0x0000000743600000|  0%| F|  |TAMS 0x0000000743400000, 0x0000000743400000| Untracked 
| 539|0x0000000743600000, 0x0000000743600000, 0x0000000743800000|  0%| F|  |TAMS 0x0000000743600000, 0x0000000743600000| Untracked 
| 540|0x0000000743800000, 0x0000000743800000, 0x0000000743a00000|  0%| F|  |TAMS 0x0000000743800000, 0x0000000743800000| Untracked 
| 541|0x0000000743a00000, 0x0000000743a00000, 0x0000000743c00000|  0%| F|  |TAMS 0x0000000743a00000, 0x0000000743a00000| Untracked 
| 542|0x0000000743c00000, 0x0000000743c00000, 0x0000000743e00000|  0%| F|  |TAMS 0x0000000743c00000, 0x0000000743c00000| Untracked 
| 543|0x0000000743e00000, 0x0000000743e00000, 0x0000000744000000|  0%| F|  |TAMS 0x0000000743e00000, 0x0000000743e00000| Untracked 
| 544|0x0000000744000000, 0x0000000744000000, 0x0000000744200000|  0%| F|  |TAMS 0x0000000744000000, 0x0000000744000000| Untracked 
| 545|0x0000000744200000, 0x0000000744200000, 0x0000000744400000|  0%| F|  |TAMS 0x0000000744200000, 0x0000000744200000| Untracked 
| 546|0x0000000744400000, 0x0000000744400000, 0x0000000744600000|  0%| F|  |TAMS 0x0000000744400000, 0x0000000744400000| Untracked 
| 547|0x0000000744600000, 0x0000000744600000, 0x0000000744800000|  0%| F|  |TAMS 0x0000000744600000, 0x0000000744600000| Untracked 
| 548|0x0000000744800000, 0x0000000744800000, 0x0000000744a00000|  0%| F|  |TAMS 0x0000000744800000, 0x0000000744800000| Untracked 
| 549|0x0000000744a00000, 0x0000000744a00000, 0x0000000744c00000|  0%| F|  |TAMS 0x0000000744a00000, 0x0000000744a00000| Untracked 
| 550|0x0000000744c00000, 0x0000000744c00000, 0x0000000744e00000|  0%| F|  |TAMS 0x0000000744c00000, 0x0000000744c00000| Untracked 
| 551|0x0000000744e00000, 0x0000000744e00000, 0x0000000745000000|  0%| F|  |TAMS 0x0000000744e00000, 0x0000000744e00000| Untracked 
| 552|0x0000000745000000, 0x0000000745000000, 0x0000000745200000|  0%| F|  |TAMS 0x0000000745000000, 0x0000000745000000| Untracked 
| 553|0x0000000745200000, 0x0000000745200000, 0x0000000745400000|  0%| F|  |TAMS 0x0000000745200000, 0x0000000745200000| Untracked 
| 554|0x0000000745400000, 0x0000000745400000, 0x0000000745600000|  0%| F|  |TAMS 0x0000000745400000, 0x0000000745400000| Untracked 
| 555|0x0000000745600000, 0x0000000745600000, 0x0000000745800000|  0%| F|  |TAMS 0x0000000745600000, 0x0000000745600000| Untracked 
| 556|0x0000000745800000, 0x0000000745800000, 0x0000000745a00000|  0%| F|  |TAMS 0x0000000745800000, 0x0000000745800000| Untracked 
| 557|0x0000000745a00000, 0x0000000745a00000, 0x0000000745c00000|  0%| F|  |TAMS 0x0000000745a00000, 0x0000000745a00000| Untracked 
| 558|0x0000000745c00000, 0x0000000745c00000, 0x0000000745e00000|  0%| F|  |TAMS 0x0000000745c00000, 0x0000000745c00000| Untracked 
| 559|0x0000000745e00000, 0x0000000745e00000, 0x0000000746000000|  0%| F|  |TAMS 0x0000000745e00000, 0x0000000745e00000| Untracked 
| 560|0x0000000746000000, 0x0000000746000000, 0x0000000746200000|  0%| F|  |TAMS 0x0000000746000000, 0x0000000746000000| Untracked 
| 561|0x0000000746200000, 0x0000000746200000, 0x0000000746400000|  0%| F|  |TAMS 0x0000000746200000, 0x0000000746200000| Untracked 
| 562|0x0000000746400000, 0x0000000746400000, 0x0000000746600000|  0%| F|  |TAMS 0x0000000746400000, 0x0000000746400000| Untracked 
| 563|0x0000000746600000, 0x0000000746600000, 0x0000000746800000|  0%| F|  |TAMS 0x0000000746600000, 0x0000000746600000| Untracked 
| 564|0x0000000746800000, 0x0000000746800000, 0x0000000746a00000|  0%| F|  |TAMS 0x0000000746800000, 0x0000000746800000| Untracked 
| 565|0x0000000746a00000, 0x0000000746a00000, 0x0000000746c00000|  0%| F|  |TAMS 0x0000000746a00000, 0x0000000746a00000| Untracked 
| 566|0x0000000746c00000, 0x0000000746c00000, 0x0000000746e00000|  0%| F|  |TAMS 0x0000000746c00000, 0x0000000746c00000| Untracked 
| 567|0x0000000746e00000, 0x0000000746e00000, 0x0000000747000000|  0%| F|  |TAMS 0x0000000746e00000, 0x0000000746e00000| Untracked 
| 568|0x0000000747000000, 0x0000000747000000, 0x0000000747200000|  0%| F|  |TAMS 0x0000000747000000, 0x0000000747000000| Untracked 
| 569|0x0000000747200000, 0x0000000747200000, 0x0000000747400000|  0%| F|  |TAMS 0x0000000747200000, 0x0000000747200000| Untracked 
| 570|0x0000000747400000, 0x0000000747400000, 0x0000000747600000|  0%| F|  |TAMS 0x0000000747400000, 0x0000000747400000| Untracked 
| 571|0x0000000747600000, 0x0000000747600000, 0x0000000747800000|  0%| F|  |TAMS 0x0000000747600000, 0x0000000747600000| Untracked 
| 572|0x0000000747800000, 0x0000000747800000, 0x0000000747a00000|  0%| F|  |TAMS 0x0000000747800000, 0x0000000747800000| Untracked 
| 573|0x0000000747a00000, 0x0000000747a00000, 0x0000000747c00000|  0%| F|  |TAMS 0x0000000747a00000, 0x0000000747a00000| Untracked 
| 574|0x0000000747c00000, 0x0000000747c00000, 0x0000000747e00000|  0%| F|  |TAMS 0x0000000747c00000, 0x0000000747c00000| Untracked 
| 575|0x0000000747e00000, 0x0000000747e00000, 0x0000000748000000|  0%| F|  |TAMS 0x0000000747e00000, 0x0000000747e00000| Untracked 
| 576|0x0000000748000000, 0x0000000748000000, 0x0000000748200000|  0%| F|  |TAMS 0x0000000748000000, 0x0000000748000000| Untracked 
| 577|0x0000000748200000, 0x0000000748200000, 0x0000000748400000|  0%| F|  |TAMS 0x0000000748200000, 0x0000000748200000| Untracked 
| 578|0x0000000748400000, 0x0000000748400000, 0x0000000748600000|  0%| F|  |TAMS 0x0000000748400000, 0x0000000748400000| Untracked 
| 579|0x0000000748600000, 0x0000000748600000, 0x0000000748800000|  0%| F|  |TAMS 0x0000000748600000, 0x0000000748600000| Untracked 
| 580|0x0000000748800000, 0x0000000748800000, 0x0000000748a00000|  0%| F|  |TAMS 0x0000000748800000, 0x0000000748800000| Untracked 
| 581|0x0000000748a00000, 0x0000000748a00000, 0x0000000748c00000|  0%| F|  |TAMS 0x0000000748a00000, 0x0000000748a00000| Untracked 
| 582|0x0000000748c00000, 0x0000000748c00000, 0x0000000748e00000|  0%| F|  |TAMS 0x0000000748c00000, 0x0000000748c00000| Untracked 
| 583|0x0000000748e00000, 0x0000000748e00000, 0x0000000749000000|  0%| F|  |TAMS 0x0000000748e00000, 0x0000000748e00000| Untracked 
| 584|0x0000000749000000, 0x0000000749000000, 0x0000000749200000|  0%| F|  |TAMS 0x0000000749000000, 0x0000000749000000| Untracked 
| 585|0x0000000749200000, 0x0000000749200000, 0x0000000749400000|  0%| F|  |TAMS 0x0000000749200000, 0x0000000749200000| Untracked 
| 586|0x0000000749400000, 0x0000000749400000, 0x0000000749600000|  0%| F|  |TAMS 0x0000000749400000, 0x0000000749400000| Untracked 
| 587|0x0000000749600000, 0x0000000749600000, 0x0000000749800000|  0%| F|  |TAMS 0x0000000749600000, 0x0000000749600000| Untracked 
| 588|0x0000000749800000, 0x0000000749800000, 0x0000000749a00000|  0%| F|  |TAMS 0x0000000749800000, 0x0000000749800000| Untracked 
| 589|0x0000000749a00000, 0x0000000749a00000, 0x0000000749c00000|  0%| F|  |TAMS 0x0000000749a00000, 0x0000000749a00000| Untracked 
| 590|0x0000000749c00000, 0x0000000749c00000, 0x0000000749e00000|  0%| F|  |TAMS 0x0000000749c00000, 0x0000000749c00000| Untracked 
| 591|0x0000000749e00000, 0x0000000749e00000, 0x000000074a000000|  0%| F|  |TAMS 0x0000000749e00000, 0x0000000749e00000| Untracked 
| 592|0x000000074a000000, 0x000000074a000000, 0x000000074a200000|  0%| F|  |TAMS 0x000000074a000000, 0x000000074a000000| Untracked 
| 593|0x000000074a200000, 0x000000074a200000, 0x000000074a400000|  0%| F|  |TAMS 0x000000074a200000, 0x000000074a200000| Untracked 
| 594|0x000000074a400000, 0x000000074a400000, 0x000000074a600000|  0%| F|  |TAMS 0x000000074a400000, 0x000000074a400000| Untracked 
| 595|0x000000074a600000, 0x000000074a600000, 0x000000074a800000|  0%| F|  |TAMS 0x000000074a600000, 0x000000074a600000| Untracked 
| 596|0x000000074a800000, 0x000000074a800000, 0x000000074aa00000|  0%| F|  |TAMS 0x000000074a800000, 0x000000074a800000| Untracked 
| 597|0x000000074aa00000, 0x000000074aa00000, 0x000000074ac00000|  0%| F|  |TAMS 0x000000074aa00000, 0x000000074aa00000| Untracked 
| 598|0x000000074ac00000, 0x000000074ac00000, 0x000000074ae00000|  0%| F|  |TAMS 0x000000074ac00000, 0x000000074ac00000| Untracked 
| 599|0x000000074ae00000, 0x000000074ae00000, 0x000000074b000000|  0%| F|  |TAMS 0x000000074ae00000, 0x000000074ae00000| Untracked 
| 600|0x000000074b000000, 0x000000074b000000, 0x000000074b200000|  0%| F|  |TAMS 0x000000074b000000, 0x000000074b000000| Untracked 
| 601|0x000000074b200000, 0x000000074b200000, 0x000000074b400000|  0%| F|  |TAMS 0x000000074b200000, 0x000000074b200000| Untracked 
| 602|0x000000074b400000, 0x000000074b400000, 0x000000074b600000|  0%| F|  |TAMS 0x000000074b400000, 0x000000074b400000| Untracked 
| 603|0x000000074b600000, 0x000000074b600000, 0x000000074b800000|  0%| F|  |TAMS 0x000000074b600000, 0x000000074b600000| Untracked 
| 604|0x000000074b800000, 0x000000074b800000, 0x000000074ba00000|  0%| F|  |TAMS 0x000000074b800000, 0x000000074b800000| Untracked 
| 605|0x000000074ba00000, 0x000000074ba00000, 0x000000074bc00000|  0%| F|  |TAMS 0x000000074ba00000, 0x000000074ba00000| Untracked 
| 606|0x000000074bc00000, 0x000000074bc00000, 0x000000074be00000|  0%| F|  |TAMS 0x000000074bc00000, 0x000000074bc00000| Untracked 
| 607|0x000000074be00000, 0x000000074be00000, 0x000000074c000000|  0%| F|  |TAMS 0x000000074be00000, 0x000000074be00000| Untracked 
| 608|0x000000074c000000, 0x000000074c000000, 0x000000074c200000|  0%| F|  |TAMS 0x000000074c000000, 0x000000074c000000| Untracked 
| 609|0x000000074c200000, 0x000000074c200000, 0x000000074c400000|  0%| F|  |TAMS 0x000000074c200000, 0x000000074c200000| Untracked 
| 610|0x000000074c400000, 0x000000074c400000, 0x000000074c600000|  0%| F|  |TAMS 0x000000074c400000, 0x000000074c400000| Untracked 
| 611|0x000000074c600000, 0x000000074c600000, 0x000000074c800000|  0%| F|  |TAMS 0x000000074c600000, 0x000000074c600000| Untracked 
| 612|0x000000074c800000, 0x000000074c800000, 0x000000074ca00000|  0%| F|  |TAMS 0x000000074c800000, 0x000000074c800000| Untracked 
| 613|0x000000074ca00000, 0x000000074ca00000, 0x000000074cc00000|  0%| F|  |TAMS 0x000000074ca00000, 0x000000074ca00000| Untracked 
| 614|0x000000074cc00000, 0x000000074cc00000, 0x000000074ce00000|  0%| F|  |TAMS 0x000000074cc00000, 0x000000074cc00000| Untracked 
| 615|0x000000074ce00000, 0x000000074ce00000, 0x000000074d000000|  0%| F|  |TAMS 0x000000074ce00000, 0x000000074ce00000| Untracked 
| 616|0x000000074d000000, 0x000000074d000000, 0x000000074d200000|  0%| F|  |TAMS 0x000000074d000000, 0x000000074d000000| Untracked 
| 617|0x000000074d200000, 0x000000074d200000, 0x000000074d400000|  0%| F|  |TAMS 0x000000074d200000, 0x000000074d200000| Untracked 
| 618|0x000000074d400000, 0x000000074d400000, 0x000000074d600000|  0%| F|  |TAMS 0x000000074d400000, 0x000000074d400000| Untracked 
| 619|0x000000074d600000, 0x000000074d600000, 0x000000074d800000|  0%| F|  |TAMS 0x000000074d600000, 0x000000074d600000| Untracked 
| 620|0x000000074d800000, 0x000000074d800000, 0x000000074da00000|  0%| F|  |TAMS 0x000000074d800000, 0x000000074d800000| Untracked 
| 621|0x000000074da00000, 0x000000074da00000, 0x000000074dc00000|  0%| F|  |TAMS 0x000000074da00000, 0x000000074da00000| Untracked 
| 622|0x000000074dc00000, 0x000000074dc00000, 0x000000074de00000|  0%| F|  |TAMS 0x000000074dc00000, 0x000000074dc00000| Untracked 
| 623|0x000000074de00000, 0x000000074de00000, 0x000000074e000000|  0%| F|  |TAMS 0x000000074de00000, 0x000000074de00000| Untracked 
| 624|0x000000074e000000, 0x000000074e000000, 0x000000074e200000|  0%| F|  |TAMS 0x000000074e000000, 0x000000074e000000| Untracked 
| 625|0x000000074e200000, 0x000000074e200000, 0x000000074e400000|  0%| F|  |TAMS 0x000000074e200000, 0x000000074e200000| Untracked 
| 626|0x000000074e400000, 0x000000074e400000, 0x000000074e600000|  0%| F|  |TAMS 0x000000074e400000, 0x000000074e400000| Untracked 
| 627|0x000000074e600000, 0x000000074e600000, 0x000000074e800000|  0%| F|  |TAMS 0x000000074e600000, 0x000000074e600000| Untracked 
| 628|0x000000074e800000, 0x000000074e800000, 0x000000074ea00000|  0%| F|  |TAMS 0x000000074e800000, 0x000000074e800000| Untracked 
| 629|0x000000074ea00000, 0x000000074ea00000, 0x000000074ec00000|  0%| F|  |TAMS 0x000000074ea00000, 0x000000074ea00000| Untracked 
| 630|0x000000074ec00000, 0x000000074ec00000, 0x000000074ee00000|  0%| F|  |TAMS 0x000000074ec00000, 0x000000074ec00000| Untracked 
| 631|0x000000074ee00000, 0x000000074ee00000, 0x000000074f000000|  0%| F|  |TAMS 0x000000074ee00000, 0x000000074ee00000| Untracked 
| 632|0x000000074f000000, 0x000000074f000000, 0x000000074f200000|  0%| F|  |TAMS 0x000000074f000000, 0x000000074f000000| Untracked 
| 633|0x000000074f200000, 0x000000074f200000, 0x000000074f400000|  0%| F|  |TAMS 0x000000074f200000, 0x000000074f200000| Untracked 
| 634|0x000000074f400000, 0x000000074f400000, 0x000000074f600000|  0%| F|  |TAMS 0x000000074f400000, 0x000000074f400000| Untracked 
| 635|0x000000074f600000, 0x000000074f600000, 0x000000074f800000|  0%| F|  |TAMS 0x000000074f600000, 0x000000074f600000| Untracked 
| 636|0x000000074f800000, 0x000000074f800000, 0x000000074fa00000|  0%| F|  |TAMS 0x000000074f800000, 0x000000074f800000| Untracked 
| 637|0x000000074fa00000, 0x000000074fa00000, 0x000000074fc00000|  0%| F|  |TAMS 0x000000074fa00000, 0x000000074fa00000| Untracked 
| 638|0x000000074fc00000, 0x000000074fc00000, 0x000000074fe00000|  0%| F|  |TAMS 0x000000074fc00000, 0x000000074fc00000| Untracked 
| 639|0x000000074fe00000, 0x000000074fe00000, 0x0000000750000000|  0%| F|  |TAMS 0x000000074fe00000, 0x000000074fe00000| Untracked 
| 640|0x0000000750000000, 0x0000000750000000, 0x0000000750200000|  0%| F|  |TAMS 0x0000000750000000, 0x0000000750000000| Untracked 
| 641|0x0000000750200000, 0x0000000750200000, 0x0000000750400000|  0%| F|  |TAMS 0x0000000750200000, 0x0000000750200000| Untracked 
| 642|0x0000000750400000, 0x0000000750400000, 0x0000000750600000|  0%| F|  |TAMS 0x0000000750400000, 0x0000000750400000| Untracked 
| 643|0x0000000750600000, 0x0000000750600000, 0x0000000750800000|  0%| F|  |TAMS 0x0000000750600000, 0x0000000750600000| Untracked 
| 644|0x0000000750800000, 0x0000000750800000, 0x0000000750a00000|  0%| F|  |TAMS 0x0000000750800000, 0x0000000750800000| Untracked 
| 645|0x0000000750a00000, 0x0000000750a00000, 0x0000000750c00000|  0%| F|  |TAMS 0x0000000750a00000, 0x0000000750a00000| Untracked 
| 646|0x0000000750c00000, 0x0000000750c00000, 0x0000000750e00000|  0%| F|  |TAMS 0x0000000750c00000, 0x0000000750c00000| Untracked 
| 647|0x0000000750e00000, 0x0000000750e00000, 0x0000000751000000|  0%| F|  |TAMS 0x0000000750e00000, 0x0000000750e00000| Untracked 
| 648|0x0000000751000000, 0x0000000751000000, 0x0000000751200000|  0%| F|  |TAMS 0x0000000751000000, 0x0000000751000000| Untracked 
| 649|0x0000000751200000, 0x0000000751200000, 0x0000000751400000|  0%| F|  |TAMS 0x0000000751200000, 0x0000000751200000| Untracked 
| 650|0x0000000751400000, 0x0000000751400000, 0x0000000751600000|  0%| F|  |TAMS 0x0000000751400000, 0x0000000751400000| Untracked 
| 651|0x0000000751600000, 0x0000000751600000, 0x0000000751800000|  0%| F|  |TAMS 0x0000000751600000, 0x0000000751600000| Untracked 
| 652|0x0000000751800000, 0x0000000751800000, 0x0000000751a00000|  0%| F|  |TAMS 0x0000000751800000, 0x0000000751800000| Untracked 
| 653|0x0000000751a00000, 0x0000000751a00000, 0x0000000751c00000|  0%| F|  |TAMS 0x0000000751a00000, 0x0000000751a00000| Untracked 
| 654|0x0000000751c00000, 0x0000000751c00000, 0x0000000751e00000|  0%| F|  |TAMS 0x0000000751c00000, 0x0000000751c00000| Untracked 
| 655|0x0000000751e00000, 0x0000000751e00000, 0x0000000752000000|  0%| F|  |TAMS 0x0000000751e00000, 0x0000000751e00000| Untracked 
| 656|0x0000000752000000, 0x0000000752000000, 0x0000000752200000|  0%| F|  |TAMS 0x0000000752000000, 0x0000000752000000| Untracked 
| 657|0x0000000752200000, 0x0000000752200000, 0x0000000752400000|  0%| F|  |TAMS 0x0000000752200000, 0x0000000752200000| Untracked 
| 658|0x0000000752400000, 0x0000000752400000, 0x0000000752600000|  0%| F|  |TAMS 0x0000000752400000, 0x0000000752400000| Untracked 
| 659|0x0000000752600000, 0x0000000752600000, 0x0000000752800000|  0%| F|  |TAMS 0x0000000752600000, 0x0000000752600000| Untracked 
| 660|0x0000000752800000, 0x0000000752800000, 0x0000000752a00000|  0%| F|  |TAMS 0x0000000752800000, 0x0000000752800000| Untracked 
| 661|0x0000000752a00000, 0x0000000752a00000, 0x0000000752c00000|  0%| F|  |TAMS 0x0000000752a00000, 0x0000000752a00000| Untracked 
| 662|0x0000000752c00000, 0x0000000752c00000, 0x0000000752e00000|  0%| F|  |TAMS 0x0000000752c00000, 0x0000000752c00000| Untracked 
| 663|0x0000000752e00000, 0x0000000752e00000, 0x0000000753000000|  0%| F|  |TAMS 0x0000000752e00000, 0x0000000752e00000| Untracked 
| 664|0x0000000753000000, 0x0000000753000000, 0x0000000753200000|  0%| F|  |TAMS 0x0000000753000000, 0x0000000753000000| Untracked 
| 665|0x0000000753200000, 0x0000000753200000, 0x0000000753400000|  0%| F|  |TAMS 0x0000000753200000, 0x0000000753200000| Untracked 
| 666|0x0000000753400000, 0x0000000753400000, 0x0000000753600000|  0%| F|  |TAMS 0x0000000753400000, 0x0000000753400000| Untracked 
| 667|0x0000000753600000, 0x0000000753600000, 0x0000000753800000|  0%| F|  |TAMS 0x0000000753600000, 0x0000000753600000| Untracked 
| 668|0x0000000753800000, 0x0000000753800000, 0x0000000753a00000|  0%| F|  |TAMS 0x0000000753800000, 0x0000000753800000| Untracked 
| 669|0x0000000753a00000, 0x0000000753a00000, 0x0000000753c00000|  0%| F|  |TAMS 0x0000000753a00000, 0x0000000753a00000| Untracked 
| 670|0x0000000753c00000, 0x0000000753c00000, 0x0000000753e00000|  0%| F|  |TAMS 0x0000000753c00000, 0x0000000753c00000| Untracked 
| 671|0x0000000753e00000, 0x0000000753e00000, 0x0000000754000000|  0%| F|  |TAMS 0x0000000753e00000, 0x0000000753e00000| Untracked 
| 672|0x0000000754000000, 0x0000000754000000, 0x0000000754200000|  0%| F|  |TAMS 0x0000000754000000, 0x0000000754000000| Untracked 
| 673|0x0000000754200000, 0x0000000754200000, 0x0000000754400000|  0%| F|  |TAMS 0x0000000754200000, 0x0000000754200000| Untracked 
| 674|0x0000000754400000, 0x0000000754400000, 0x0000000754600000|  0%| F|  |TAMS 0x0000000754400000, 0x0000000754400000| Untracked 
| 675|0x0000000754600000, 0x0000000754600000, 0x0000000754800000|  0%| F|  |TAMS 0x0000000754600000, 0x0000000754600000| Untracked 
| 676|0x0000000754800000, 0x0000000754800000, 0x0000000754a00000|  0%| F|  |TAMS 0x0000000754800000, 0x0000000754800000| Untracked 
| 677|0x0000000754a00000, 0x0000000754a00000, 0x0000000754c00000|  0%| F|  |TAMS 0x0000000754a00000, 0x0000000754a00000| Untracked 
| 678|0x0000000754c00000, 0x0000000754c00000, 0x0000000754e00000|  0%| F|  |TAMS 0x0000000754c00000, 0x0000000754c00000| Untracked 
| 679|0x0000000754e00000, 0x0000000754e00000, 0x0000000755000000|  0%| F|  |TAMS 0x0000000754e00000, 0x0000000754e00000| Untracked 
| 680|0x0000000755000000, 0x0000000755000000, 0x0000000755200000|  0%| F|  |TAMS 0x0000000755000000, 0x0000000755000000| Untracked 
| 681|0x0000000755200000, 0x0000000755200000, 0x0000000755400000|  0%| F|  |TAMS 0x0000000755200000, 0x0000000755200000| Untracked 
| 682|0x0000000755400000, 0x0000000755400000, 0x0000000755600000|  0%| F|  |TAMS 0x0000000755400000, 0x0000000755400000| Untracked 
| 683|0x0000000755600000, 0x0000000755600000, 0x0000000755800000|  0%| F|  |TAMS 0x0000000755600000, 0x0000000755600000| Untracked 
| 684|0x0000000755800000, 0x0000000755800000, 0x0000000755a00000|  0%| F|  |TAMS 0x0000000755800000, 0x0000000755800000| Untracked 
| 685|0x0000000755a00000, 0x0000000755a00000, 0x0000000755c00000|  0%| F|  |TAMS 0x0000000755a00000, 0x0000000755a00000| Untracked 
| 686|0x0000000755c00000, 0x0000000755c00000, 0x0000000755e00000|  0%| F|  |TAMS 0x0000000755c00000, 0x0000000755c00000| Untracked 
| 687|0x0000000755e00000, 0x0000000755e00000, 0x0000000756000000|  0%| F|  |TAMS 0x0000000755e00000, 0x0000000755e00000| Untracked 
| 688|0x0000000756000000, 0x0000000756000000, 0x0000000756200000|  0%| F|  |TAMS 0x0000000756000000, 0x0000000756000000| Untracked 
| 689|0x0000000756200000, 0x0000000756200000, 0x0000000756400000|  0%| F|  |TAMS 0x0000000756200000, 0x0000000756200000| Untracked 
| 690|0x0000000756400000, 0x0000000756400000, 0x0000000756600000|  0%| F|  |TAMS 0x0000000756400000, 0x0000000756400000| Untracked 
| 691|0x0000000756600000, 0x0000000756600000, 0x0000000756800000|  0%| F|  |TAMS 0x0000000756600000, 0x0000000756600000| Untracked 
| 692|0x0000000756800000, 0x0000000756800000, 0x0000000756a00000|  0%| F|  |TAMS 0x0000000756800000, 0x0000000756800000| Untracked 
| 693|0x0000000756a00000, 0x0000000756a00000, 0x0000000756c00000|  0%| F|  |TAMS 0x0000000756a00000, 0x0000000756a00000| Untracked 
| 694|0x0000000756c00000, 0x0000000756c00000, 0x0000000756e00000|  0%| F|  |TAMS 0x0000000756c00000, 0x0000000756c00000| Untracked 
| 695|0x0000000756e00000, 0x0000000756e00000, 0x0000000757000000|  0%| F|  |TAMS 0x0000000756e00000, 0x0000000756e00000| Untracked 
| 696|0x0000000757000000, 0x0000000757000000, 0x0000000757200000|  0%| F|  |TAMS 0x0000000757000000, 0x0000000757000000| Untracked 
| 697|0x0000000757200000, 0x0000000757200000, 0x0000000757400000|  0%| F|  |TAMS 0x0000000757200000, 0x0000000757200000| Untracked 
| 698|0x0000000757400000, 0x0000000757400000, 0x0000000757600000|  0%| F|  |TAMS 0x0000000757400000, 0x0000000757400000| Untracked 
| 699|0x0000000757600000, 0x0000000757600000, 0x0000000757800000|  0%| F|  |TAMS 0x0000000757600000, 0x0000000757600000| Untracked 
| 700|0x0000000757800000, 0x0000000757800000, 0x0000000757a00000|  0%| F|  |TAMS 0x0000000757800000, 0x0000000757800000| Untracked 
| 701|0x0000000757a00000, 0x0000000757a00000, 0x0000000757c00000|  0%| F|  |TAMS 0x0000000757a00000, 0x0000000757a00000| Untracked 
| 702|0x0000000757c00000, 0x0000000757c00000, 0x0000000757e00000|  0%| F|  |TAMS 0x0000000757c00000, 0x0000000757c00000| Untracked 
| 703|0x0000000757e00000, 0x0000000757e00000, 0x0000000758000000|  0%| F|  |TAMS 0x0000000757e00000, 0x0000000757e00000| Untracked 
| 704|0x0000000758000000, 0x0000000758000000, 0x0000000758200000|  0%| F|  |TAMS 0x0000000758000000, 0x0000000758000000| Untracked 
| 705|0x0000000758200000, 0x0000000758200000, 0x0000000758400000|  0%| F|  |TAMS 0x0000000758200000, 0x0000000758200000| Untracked 
| 706|0x0000000758400000, 0x0000000758400000, 0x0000000758600000|  0%| F|  |TAMS 0x0000000758400000, 0x0000000758400000| Untracked 
| 707|0x0000000758600000, 0x0000000758600000, 0x0000000758800000|  0%| F|  |TAMS 0x0000000758600000, 0x0000000758600000| Untracked 
| 708|0x0000000758800000, 0x0000000758800000, 0x0000000758a00000|  0%| F|  |TAMS 0x0000000758800000, 0x0000000758800000| Untracked 
| 709|0x0000000758a00000, 0x0000000758a00000, 0x0000000758c00000|  0%| F|  |TAMS 0x0000000758a00000, 0x0000000758a00000| Untracked 
| 710|0x0000000758c00000, 0x0000000758c00000, 0x0000000758e00000|  0%| F|  |TAMS 0x0000000758c00000, 0x0000000758c00000| Untracked 
| 711|0x0000000758e00000, 0x0000000758e00000, 0x0000000759000000|  0%| F|  |TAMS 0x0000000758e00000, 0x0000000758e00000| Untracked 
| 712|0x0000000759000000, 0x0000000759000000, 0x0000000759200000|  0%| F|  |TAMS 0x0000000759000000, 0x0000000759000000| Untracked 
| 713|0x0000000759200000, 0x0000000759200000, 0x0000000759400000|  0%| F|  |TAMS 0x0000000759200000, 0x0000000759200000| Untracked 
| 714|0x0000000759400000, 0x0000000759400000, 0x0000000759600000|  0%| F|  |TAMS 0x0000000759400000, 0x0000000759400000| Untracked 
| 715|0x0000000759600000, 0x0000000759600000, 0x0000000759800000|  0%| F|  |TAMS 0x0000000759600000, 0x0000000759600000| Untracked 
| 716|0x0000000759800000, 0x0000000759800000, 0x0000000759a00000|  0%| F|  |TAMS 0x0000000759800000, 0x0000000759800000| Untracked 
| 717|0x0000000759a00000, 0x0000000759a00000, 0x0000000759c00000|  0%| F|  |TAMS 0x0000000759a00000, 0x0000000759a00000| Untracked 
| 718|0x0000000759c00000, 0x0000000759c00000, 0x0000000759e00000|  0%| F|  |TAMS 0x0000000759c00000, 0x0000000759c00000| Untracked 
| 719|0x0000000759e00000, 0x0000000759e00000, 0x000000075a000000|  0%| F|  |TAMS 0x0000000759e00000, 0x0000000759e00000| Untracked 
| 720|0x000000075a000000, 0x000000075a000000, 0x000000075a200000|  0%| F|  |TAMS 0x000000075a000000, 0x000000075a000000| Untracked 
| 721|0x000000075a200000, 0x000000075a200000, 0x000000075a400000|  0%| F|  |TAMS 0x000000075a200000, 0x000000075a200000| Untracked 
| 722|0x000000075a400000, 0x000000075a400000, 0x000000075a600000|  0%| F|  |TAMS 0x000000075a400000, 0x000000075a400000| Untracked 
| 723|0x000000075a600000, 0x000000075a600000, 0x000000075a800000|  0%| F|  |TAMS 0x000000075a600000, 0x000000075a600000| Untracked 
| 724|0x000000075a800000, 0x000000075a800000, 0x000000075aa00000|  0%| F|  |TAMS 0x000000075a800000, 0x000000075a800000| Untracked 
| 725|0x000000075aa00000, 0x000000075aa00000, 0x000000075ac00000|  0%| F|  |TAMS 0x000000075aa00000, 0x000000075aa00000| Untracked 
| 726|0x000000075ac00000, 0x000000075ac00000, 0x000000075ae00000|  0%| F|  |TAMS 0x000000075ac00000, 0x000000075ac00000| Untracked 
| 727|0x000000075ae00000, 0x000000075ae00000, 0x000000075b000000|  0%| F|  |TAMS 0x000000075ae00000, 0x000000075ae00000| Untracked 
| 728|0x000000075b000000, 0x000000075b000000, 0x000000075b200000|  0%| F|  |TAMS 0x000000075b000000, 0x000000075b000000| Untracked 
| 729|0x000000075b200000, 0x000000075b200000, 0x000000075b400000|  0%| F|  |TAMS 0x000000075b200000, 0x000000075b200000| Untracked 
| 730|0x000000075b400000, 0x000000075b400000, 0x000000075b600000|  0%| F|  |TAMS 0x000000075b400000, 0x000000075b400000| Untracked 
| 731|0x000000075b600000, 0x000000075b600000, 0x000000075b800000|  0%| F|  |TAMS 0x000000075b600000, 0x000000075b600000| Untracked 
| 732|0x000000075b800000, 0x000000075b800000, 0x000000075ba00000|  0%| F|  |TAMS 0x000000075b800000, 0x000000075b800000| Untracked 
| 733|0x000000075ba00000, 0x000000075ba00000, 0x000000075bc00000|  0%| F|  |TAMS 0x000000075ba00000, 0x000000075ba00000| Untracked 
| 734|0x000000075bc00000, 0x000000075bc00000, 0x000000075be00000|  0%| F|  |TAMS 0x000000075bc00000, 0x000000075bc00000| Untracked 
| 735|0x000000075be00000, 0x000000075be00000, 0x000000075c000000|  0%| F|  |TAMS 0x000000075be00000, 0x000000075be00000| Untracked 
| 736|0x000000075c000000, 0x000000075c000000, 0x000000075c200000|  0%| F|  |TAMS 0x000000075c000000, 0x000000075c000000| Untracked 
| 737|0x000000075c200000, 0x000000075c200000, 0x000000075c400000|  0%| F|  |TAMS 0x000000075c200000, 0x000000075c200000| Untracked 
| 738|0x000000075c400000, 0x000000075c400000, 0x000000075c600000|  0%| F|  |TAMS 0x000000075c400000, 0x000000075c400000| Untracked 
| 739|0x000000075c600000, 0x000000075c600000, 0x000000075c800000|  0%| F|  |TAMS 0x000000075c600000, 0x000000075c600000| Untracked 
| 740|0x000000075c800000, 0x000000075c800000, 0x000000075ca00000|  0%| F|  |TAMS 0x000000075c800000, 0x000000075c800000| Untracked 
| 741|0x000000075ca00000, 0x000000075ca00000, 0x000000075cc00000|  0%| F|  |TAMS 0x000000075ca00000, 0x000000075ca00000| Untracked 
| 742|0x000000075cc00000, 0x000000075cc00000, 0x000000075ce00000|  0%| F|  |TAMS 0x000000075cc00000, 0x000000075cc00000| Untracked 
| 743|0x000000075ce00000, 0x000000075ce00000, 0x000000075d000000|  0%| F|  |TAMS 0x000000075ce00000, 0x000000075ce00000| Untracked 
| 744|0x000000075d000000, 0x000000075d000000, 0x000000075d200000|  0%| F|  |TAMS 0x000000075d000000, 0x000000075d000000| Untracked 
| 745|0x000000075d200000, 0x000000075d200000, 0x000000075d400000|  0%| F|  |TAMS 0x000000075d200000, 0x000000075d200000| Untracked 
| 746|0x000000075d400000, 0x000000075d400000, 0x000000075d600000|  0%| F|  |TAMS 0x000000075d400000, 0x000000075d400000| Untracked 
| 747|0x000000075d600000, 0x000000075d600000, 0x000000075d800000|  0%| F|  |TAMS 0x000000075d600000, 0x000000075d600000| Untracked 
| 748|0x000000075d800000, 0x000000075d800000, 0x000000075da00000|  0%| F|  |TAMS 0x000000075d800000, 0x000000075d800000| Untracked 
| 749|0x000000075da00000, 0x000000075da00000, 0x000000075dc00000|  0%| F|  |TAMS 0x000000075da00000, 0x000000075da00000| Untracked 
| 750|0x000000075dc00000, 0x000000075dc00000, 0x000000075de00000|  0%| F|  |TAMS 0x000000075dc00000, 0x000000075dc00000| Untracked 
| 751|0x000000075de00000, 0x000000075de00000, 0x000000075e000000|  0%| F|  |TAMS 0x000000075de00000, 0x000000075de00000| Untracked 
| 752|0x000000075e000000, 0x000000075e000000, 0x000000075e200000|  0%| F|  |TAMS 0x000000075e000000, 0x000000075e000000| Untracked 
| 753|0x000000075e200000, 0x000000075e200000, 0x000000075e400000|  0%| F|  |TAMS 0x000000075e200000, 0x000000075e200000| Untracked 
| 754|0x000000075e400000, 0x000000075e400000, 0x000000075e600000|  0%| F|  |TAMS 0x000000075e400000, 0x000000075e400000| Untracked 
| 755|0x000000075e600000, 0x000000075e600000, 0x000000075e800000|  0%| F|  |TAMS 0x000000075e600000, 0x000000075e600000| Untracked 
| 756|0x000000075e800000, 0x000000075e800000, 0x000000075ea00000|  0%| F|  |TAMS 0x000000075e800000, 0x000000075e800000| Untracked 
| 757|0x000000075ea00000, 0x000000075ea00000, 0x000000075ec00000|  0%| F|  |TAMS 0x000000075ea00000, 0x000000075ea00000| Untracked 
| 758|0x000000075ec00000, 0x000000075ec00000, 0x000000075ee00000|  0%| F|  |TAMS 0x000000075ec00000, 0x000000075ec00000| Untracked 
| 759|0x000000075ee00000, 0x000000075ee00000, 0x000000075f000000|  0%| F|  |TAMS 0x000000075ee00000, 0x000000075ee00000| Untracked 
| 760|0x000000075f000000, 0x000000075f000000, 0x000000075f200000|  0%| F|  |TAMS 0x000000075f000000, 0x000000075f000000| Untracked 
| 761|0x000000075f200000, 0x000000075f200000, 0x000000075f400000|  0%| F|  |TAMS 0x000000075f200000, 0x000000075f200000| Untracked 
| 762|0x000000075f400000, 0x000000075f400000, 0x000000075f600000|  0%| F|  |TAMS 0x000000075f400000, 0x000000075f400000| Untracked 
| 763|0x000000075f600000, 0x000000075f600000, 0x000000075f800000|  0%| F|  |TAMS 0x000000075f600000, 0x000000075f600000| Untracked 
| 764|0x000000075f800000, 0x000000075f800000, 0x000000075fa00000|  0%| F|  |TAMS 0x000000075f800000, 0x000000075f800000| Untracked 
| 765|0x000000075fa00000, 0x000000075fa00000, 0x000000075fc00000|  0%| F|  |TAMS 0x000000075fa00000, 0x000000075fa00000| Untracked 
| 766|0x000000075fc00000, 0x000000075fc00000, 0x000000075fe00000|  0%| F|  |TAMS 0x000000075fc00000, 0x000000075fc00000| Untracked 
| 767|0x000000075fe00000, 0x000000075fe00000, 0x0000000760000000|  0%| F|  |TAMS 0x000000075fe00000, 0x000000075fe00000| Untracked 
| 768|0x0000000760000000, 0x0000000760000000, 0x0000000760200000|  0%| F|  |TAMS 0x0000000760000000, 0x0000000760000000| Untracked 
| 769|0x0000000760200000, 0x0000000760200000, 0x0000000760400000|  0%| F|  |TAMS 0x0000000760200000, 0x0000000760200000| Untracked 
| 770|0x0000000760400000, 0x0000000760400000, 0x0000000760600000|  0%| F|  |TAMS 0x0000000760400000, 0x0000000760400000| Untracked 
| 771|0x0000000760600000, 0x0000000760600000, 0x0000000760800000|  0%| F|  |TAMS 0x0000000760600000, 0x0000000760600000| Untracked 
| 772|0x0000000760800000, 0x0000000760800000, 0x0000000760a00000|  0%| F|  |TAMS 0x0000000760800000, 0x0000000760800000| Untracked 
| 773|0x0000000760a00000, 0x0000000760a00000, 0x0000000760c00000|  0%| F|  |TAMS 0x0000000760a00000, 0x0000000760a00000| Untracked 
| 774|0x0000000760c00000, 0x0000000760c00000, 0x0000000760e00000|  0%| F|  |TAMS 0x0000000760c00000, 0x0000000760c00000| Untracked 
| 775|0x0000000760e00000, 0x0000000760e00000, 0x0000000761000000|  0%| F|  |TAMS 0x0000000760e00000, 0x0000000760e00000| Untracked 
| 776|0x0000000761000000, 0x0000000761000000, 0x0000000761200000|  0%| F|  |TAMS 0x0000000761000000, 0x0000000761000000| Untracked 
| 777|0x0000000761200000, 0x0000000761200000, 0x0000000761400000|  0%| F|  |TAMS 0x0000000761200000, 0x0000000761200000| Untracked 
| 778|0x0000000761400000, 0x0000000761400000, 0x0000000761600000|  0%| F|  |TAMS 0x0000000761400000, 0x0000000761400000| Untracked 
| 779|0x0000000761600000, 0x0000000761600000, 0x0000000761800000|  0%| F|  |TAMS 0x0000000761600000, 0x0000000761600000| Untracked 
| 780|0x0000000761800000, 0x0000000761800000, 0x0000000761a00000|  0%| F|  |TAMS 0x0000000761800000, 0x0000000761800000| Untracked 
| 781|0x0000000761a00000, 0x0000000761a00000, 0x0000000761c00000|  0%| F|  |TAMS 0x0000000761a00000, 0x0000000761a00000| Untracked 
| 782|0x0000000761c00000, 0x0000000761c00000, 0x0000000761e00000|  0%| F|  |TAMS 0x0000000761c00000, 0x0000000761c00000| Untracked 
| 783|0x0000000761e00000, 0x0000000761e00000, 0x0000000762000000|  0%| F|  |TAMS 0x0000000761e00000, 0x0000000761e00000| Untracked 
| 784|0x0000000762000000, 0x0000000762000000, 0x0000000762200000|  0%| F|  |TAMS 0x0000000762000000, 0x0000000762000000| Untracked 
| 785|0x0000000762200000, 0x0000000762200000, 0x0000000762400000|  0%| F|  |TAMS 0x0000000762200000, 0x0000000762200000| Untracked 
| 786|0x0000000762400000, 0x0000000762400000, 0x0000000762600000|  0%| F|  |TAMS 0x0000000762400000, 0x0000000762400000| Untracked 
| 787|0x0000000762600000, 0x0000000762600000, 0x0000000762800000|  0%| F|  |TAMS 0x0000000762600000, 0x0000000762600000| Untracked 
| 788|0x0000000762800000, 0x0000000762800000, 0x0000000762a00000|  0%| F|  |TAMS 0x0000000762800000, 0x0000000762800000| Untracked 
| 789|0x0000000762a00000, 0x0000000762a00000, 0x0000000762c00000|  0%| F|  |TAMS 0x0000000762a00000, 0x0000000762a00000| Untracked 
| 790|0x0000000762c00000, 0x0000000762c00000, 0x0000000762e00000|  0%| F|  |TAMS 0x0000000762c00000, 0x0000000762c00000| Untracked 
| 791|0x0000000762e00000, 0x0000000762e00000, 0x0000000763000000|  0%| F|  |TAMS 0x0000000762e00000, 0x0000000762e00000| Untracked 
| 792|0x0000000763000000, 0x0000000763000000, 0x0000000763200000|  0%| F|  |TAMS 0x0000000763000000, 0x0000000763000000| Untracked 
| 793|0x0000000763200000, 0x0000000763200000, 0x0000000763400000|  0%| F|  |TAMS 0x0000000763200000, 0x0000000763200000| Untracked 
| 794|0x0000000763400000, 0x0000000763400000, 0x0000000763600000|  0%| F|  |TAMS 0x0000000763400000, 0x0000000763400000| Untracked 
| 795|0x0000000763600000, 0x0000000763600000, 0x0000000763800000|  0%| F|  |TAMS 0x0000000763600000, 0x0000000763600000| Untracked 
| 796|0x0000000763800000, 0x0000000763800000, 0x0000000763a00000|  0%| F|  |TAMS 0x0000000763800000, 0x0000000763800000| Untracked 
| 797|0x0000000763a00000, 0x0000000763a00000, 0x0000000763c00000|  0%| F|  |TAMS 0x0000000763a00000, 0x0000000763a00000| Untracked 
| 798|0x0000000763c00000, 0x0000000763c00000, 0x0000000763e00000|  0%| F|  |TAMS 0x0000000763c00000, 0x0000000763c00000| Untracked 
| 799|0x0000000763e00000, 0x0000000763e00000, 0x0000000764000000|  0%| F|  |TAMS 0x0000000763e00000, 0x0000000763e00000| Untracked 
| 800|0x0000000764000000, 0x0000000764000000, 0x0000000764200000|  0%| F|  |TAMS 0x0000000764000000, 0x0000000764000000| Untracked 
| 801|0x0000000764200000, 0x0000000764200000, 0x0000000764400000|  0%| F|  |TAMS 0x0000000764200000, 0x0000000764200000| Untracked 
| 802|0x0000000764400000, 0x0000000764400000, 0x0000000764600000|  0%| F|  |TAMS 0x0000000764400000, 0x0000000764400000| Untracked 
| 803|0x0000000764600000, 0x0000000764600000, 0x0000000764800000|  0%| F|  |TAMS 0x0000000764600000, 0x0000000764600000| Untracked 
| 804|0x0000000764800000, 0x0000000764800000, 0x0000000764a00000|  0%| F|  |TAMS 0x0000000764800000, 0x0000000764800000| Untracked 
| 805|0x0000000764a00000, 0x0000000764a00000, 0x0000000764c00000|  0%| F|  |TAMS 0x0000000764a00000, 0x0000000764a00000| Untracked 
| 806|0x0000000764c00000, 0x0000000764c00000, 0x0000000764e00000|  0%| F|  |TAMS 0x0000000764c00000, 0x0000000764c00000| Untracked 
| 807|0x0000000764e00000, 0x0000000764e00000, 0x0000000765000000|  0%| F|  |TAMS 0x0000000764e00000, 0x0000000764e00000| Untracked 
| 808|0x0000000765000000, 0x0000000765000000, 0x0000000765200000|  0%| F|  |TAMS 0x0000000765000000, 0x0000000765000000| Untracked 
| 809|0x0000000765200000, 0x0000000765200000, 0x0000000765400000|  0%| F|  |TAMS 0x0000000765200000, 0x0000000765200000| Untracked 
| 810|0x0000000765400000, 0x0000000765400000, 0x0000000765600000|  0%| F|  |TAMS 0x0000000765400000, 0x0000000765400000| Untracked 
| 811|0x0000000765600000, 0x0000000765600000, 0x0000000765800000|  0%| F|  |TAMS 0x0000000765600000, 0x0000000765600000| Untracked 
| 812|0x0000000765800000, 0x0000000765800000, 0x0000000765a00000|  0%| F|  |TAMS 0x0000000765800000, 0x0000000765800000| Untracked 
| 813|0x0000000765a00000, 0x0000000765a00000, 0x0000000765c00000|  0%| F|  |TAMS 0x0000000765a00000, 0x0000000765a00000| Untracked 
| 814|0x0000000765c00000, 0x0000000765c00000, 0x0000000765e00000|  0%| F|  |TAMS 0x0000000765c00000, 0x0000000765c00000| Untracked 
| 815|0x0000000765e00000, 0x0000000765e00000, 0x0000000766000000|  0%| F|  |TAMS 0x0000000765e00000, 0x0000000765e00000| Untracked 
| 816|0x0000000766000000, 0x0000000766000000, 0x0000000766200000|  0%| F|  |TAMS 0x0000000766000000, 0x0000000766000000| Untracked 
| 817|0x0000000766200000, 0x0000000766200000, 0x0000000766400000|  0%| F|  |TAMS 0x0000000766200000, 0x0000000766200000| Untracked 
| 818|0x0000000766400000, 0x0000000766400000, 0x0000000766600000|  0%| F|  |TAMS 0x0000000766400000, 0x0000000766400000| Untracked 
| 819|0x0000000766600000, 0x0000000766600000, 0x0000000766800000|  0%| F|  |TAMS 0x0000000766600000, 0x0000000766600000| Untracked 
| 820|0x0000000766800000, 0x0000000766800000, 0x0000000766a00000|  0%| F|  |TAMS 0x0000000766800000, 0x0000000766800000| Untracked 
| 821|0x0000000766a00000, 0x0000000766a00000, 0x0000000766c00000|  0%| F|  |TAMS 0x0000000766a00000, 0x0000000766a00000| Untracked 
| 822|0x0000000766c00000, 0x0000000766c00000, 0x0000000766e00000|  0%| F|  |TAMS 0x0000000766c00000, 0x0000000766c00000| Untracked 
| 823|0x0000000766e00000, 0x0000000766e00000, 0x0000000767000000|  0%| F|  |TAMS 0x0000000766e00000, 0x0000000766e00000| Untracked 
| 824|0x0000000767000000, 0x0000000767000000, 0x0000000767200000|  0%| F|  |TAMS 0x0000000767000000, 0x0000000767000000| Untracked 
| 825|0x0000000767200000, 0x0000000767200000, 0x0000000767400000|  0%| F|  |TAMS 0x0000000767200000, 0x0000000767200000| Untracked 
| 826|0x0000000767400000, 0x0000000767400000, 0x0000000767600000|  0%| F|  |TAMS 0x0000000767400000, 0x0000000767400000| Untracked 
| 827|0x0000000767600000, 0x0000000767600000, 0x0000000767800000|  0%| F|  |TAMS 0x0000000767600000, 0x0000000767600000| Untracked 
| 828|0x0000000767800000, 0x0000000767800000, 0x0000000767a00000|  0%| F|  |TAMS 0x0000000767800000, 0x0000000767800000| Untracked 
| 829|0x0000000767a00000, 0x0000000767a00000, 0x0000000767c00000|  0%| F|  |TAMS 0x0000000767a00000, 0x0000000767a00000| Untracked 
| 830|0x0000000767c00000, 0x0000000767c00000, 0x0000000767e00000|  0%| F|  |TAMS 0x0000000767c00000, 0x0000000767c00000| Untracked 
| 831|0x0000000767e00000, 0x0000000767e00000, 0x0000000768000000|  0%| F|  |TAMS 0x0000000767e00000, 0x0000000767e00000| Untracked 
| 832|0x0000000768000000, 0x0000000768000000, 0x0000000768200000|  0%| F|  |TAMS 0x0000000768000000, 0x0000000768000000| Untracked 
| 833|0x0000000768200000, 0x0000000768200000, 0x0000000768400000|  0%| F|  |TAMS 0x0000000768200000, 0x0000000768200000| Untracked 
| 834|0x0000000768400000, 0x0000000768400000, 0x0000000768600000|  0%| F|  |TAMS 0x0000000768400000, 0x0000000768400000| Untracked 
| 835|0x0000000768600000, 0x0000000768600000, 0x0000000768800000|  0%| F|  |TAMS 0x0000000768600000, 0x0000000768600000| Untracked 
| 836|0x0000000768800000, 0x0000000768800000, 0x0000000768a00000|  0%| F|  |TAMS 0x0000000768800000, 0x0000000768800000| Untracked 
| 837|0x0000000768a00000, 0x0000000768a00000, 0x0000000768c00000|  0%| F|  |TAMS 0x0000000768a00000, 0x0000000768a00000| Untracked 
| 838|0x0000000768c00000, 0x0000000768c00000, 0x0000000768e00000|  0%| F|  |TAMS 0x0000000768c00000, 0x0000000768c00000| Untracked 
| 839|0x0000000768e00000, 0x0000000768e00000, 0x0000000769000000|  0%| F|  |TAMS 0x0000000768e00000, 0x0000000768e00000| Untracked 
| 840|0x0000000769000000, 0x0000000769000000, 0x0000000769200000|  0%| F|  |TAMS 0x0000000769000000, 0x0000000769000000| Untracked 
| 841|0x0000000769200000, 0x0000000769200000, 0x0000000769400000|  0%| F|  |TAMS 0x0000000769200000, 0x0000000769200000| Untracked 
| 842|0x0000000769400000, 0x0000000769400000, 0x0000000769600000|  0%| F|  |TAMS 0x0000000769400000, 0x0000000769400000| Untracked 
| 843|0x0000000769600000, 0x0000000769600000, 0x0000000769800000|  0%| F|  |TAMS 0x0000000769600000, 0x0000000769600000| Untracked 
| 844|0x0000000769800000, 0x0000000769800000, 0x0000000769a00000|  0%| F|  |TAMS 0x0000000769800000, 0x0000000769800000| Untracked 
| 845|0x0000000769a00000, 0x0000000769a00000, 0x0000000769c00000|  0%| F|  |TAMS 0x0000000769a00000, 0x0000000769a00000| Untracked 
| 846|0x0000000769c00000, 0x0000000769c00000, 0x0000000769e00000|  0%| F|  |TAMS 0x0000000769c00000, 0x0000000769c00000| Untracked 
| 847|0x0000000769e00000, 0x0000000769e00000, 0x000000076a000000|  0%| F|  |TAMS 0x0000000769e00000, 0x0000000769e00000| Untracked 
| 848|0x000000076a000000, 0x000000076a000000, 0x000000076a200000|  0%| F|  |TAMS 0x000000076a000000, 0x000000076a000000| Untracked 
| 849|0x000000076a200000, 0x000000076a200000, 0x000000076a400000|  0%| F|  |TAMS 0x000000076a200000, 0x000000076a200000| Untracked 
| 850|0x000000076a400000, 0x000000076a400000, 0x000000076a600000|  0%| F|  |TAMS 0x000000076a400000, 0x000000076a400000| Untracked 
| 851|0x000000076a600000, 0x000000076a600000, 0x000000076a800000|  0%| F|  |TAMS 0x000000076a600000, 0x000000076a600000| Untracked 
| 852|0x000000076a800000, 0x000000076a800000, 0x000000076aa00000|  0%| F|  |TAMS 0x000000076a800000, 0x000000076a800000| Untracked 
| 853|0x000000076aa00000, 0x000000076aa00000, 0x000000076ac00000|  0%| F|  |TAMS 0x000000076aa00000, 0x000000076aa00000| Untracked 
| 854|0x000000076ac00000, 0x000000076ac00000, 0x000000076ae00000|  0%| F|  |TAMS 0x000000076ac00000, 0x000000076ac00000| Untracked 
| 855|0x000000076ae00000, 0x000000076ae00000, 0x000000076b000000|  0%| F|  |TAMS 0x000000076ae00000, 0x000000076ae00000| Untracked 
| 856|0x000000076b000000, 0x000000076b000000, 0x000000076b200000|  0%| F|  |TAMS 0x000000076b000000, 0x000000076b000000| Untracked 
| 857|0x000000076b200000, 0x000000076b200000, 0x000000076b400000|  0%| F|  |TAMS 0x000000076b200000, 0x000000076b200000| Untracked 
| 858|0x000000076b400000, 0x000000076b400000, 0x000000076b600000|  0%| F|  |TAMS 0x000000076b400000, 0x000000076b400000| Untracked 
| 859|0x000000076b600000, 0x000000076b600000, 0x000000076b800000|  0%| F|  |TAMS 0x000000076b600000, 0x000000076b600000| Untracked 
| 860|0x000000076b800000, 0x000000076b800000, 0x000000076ba00000|  0%| F|  |TAMS 0x000000076b800000, 0x000000076b800000| Untracked 
| 861|0x000000076ba00000, 0x000000076ba00000, 0x000000076bc00000|  0%| F|  |TAMS 0x000000076ba00000, 0x000000076ba00000| Untracked 
| 862|0x000000076bc00000, 0x000000076bc00000, 0x000000076be00000|  0%| F|  |TAMS 0x000000076bc00000, 0x000000076bc00000| Untracked 
| 863|0x000000076be00000, 0x000000076be00000, 0x000000076c000000|  0%| F|  |TAMS 0x000000076be00000, 0x000000076be00000| Untracked 
| 864|0x000000076c000000, 0x000000076c000000, 0x000000076c200000|  0%| F|  |TAMS 0x000000076c000000, 0x000000076c000000| Untracked 
| 865|0x000000076c200000, 0x000000076c200000, 0x000000076c400000|  0%| F|  |TAMS 0x000000076c200000, 0x000000076c200000| Untracked 
| 866|0x000000076c400000, 0x000000076c400000, 0x000000076c600000|  0%| F|  |TAMS 0x000000076c400000, 0x000000076c400000| Untracked 
| 867|0x000000076c600000, 0x000000076c600000, 0x000000076c800000|  0%| F|  |TAMS 0x000000076c600000, 0x000000076c600000| Untracked 
| 868|0x000000076c800000, 0x000000076c800000, 0x000000076ca00000|  0%| F|  |TAMS 0x000000076c800000, 0x000000076c800000| Untracked 
| 869|0x000000076ca00000, 0x000000076ca00000, 0x000000076cc00000|  0%| F|  |TAMS 0x000000076ca00000, 0x000000076ca00000| Untracked 
| 870|0x000000076cc00000, 0x000000076cc00000, 0x000000076ce00000|  0%| F|  |TAMS 0x000000076cc00000, 0x000000076cc00000| Untracked 
| 871|0x000000076ce00000, 0x000000076ce00000, 0x000000076d000000|  0%| F|  |TAMS 0x000000076ce00000, 0x000000076ce00000| Untracked 
| 872|0x000000076d000000, 0x000000076d000000, 0x000000076d200000|  0%| F|  |TAMS 0x000000076d000000, 0x000000076d000000| Untracked 
| 873|0x000000076d200000, 0x000000076d200000, 0x000000076d400000|  0%| F|  |TAMS 0x000000076d200000, 0x000000076d200000| Untracked 
| 874|0x000000076d400000, 0x000000076d400000, 0x000000076d600000|  0%| F|  |TAMS 0x000000076d400000, 0x000000076d400000| Untracked 
| 875|0x000000076d600000, 0x000000076d600000, 0x000000076d800000|  0%| F|  |TAMS 0x000000076d600000, 0x000000076d600000| Untracked 
| 876|0x000000076d800000, 0x000000076d800000, 0x000000076da00000|  0%| F|  |TAMS 0x000000076d800000, 0x000000076d800000| Untracked 
| 877|0x000000076da00000, 0x000000076da00000, 0x000000076dc00000|  0%| F|  |TAMS 0x000000076da00000, 0x000000076da00000| Untracked 
| 878|0x000000076dc00000, 0x000000076dc00000, 0x000000076de00000|  0%| F|  |TAMS 0x000000076dc00000, 0x000000076dc00000| Untracked 
| 879|0x000000076de00000, 0x000000076de00000, 0x000000076e000000|  0%| F|  |TAMS 0x000000076de00000, 0x000000076de00000| Untracked 
| 880|0x000000076e000000, 0x000000076e000000, 0x000000076e200000|  0%| F|  |TAMS 0x000000076e000000, 0x000000076e000000| Untracked 
| 881|0x000000076e200000, 0x000000076e200000, 0x000000076e400000|  0%| F|  |TAMS 0x000000076e200000, 0x000000076e200000| Untracked 
| 882|0x000000076e400000, 0x000000076e400000, 0x000000076e600000|  0%| F|  |TAMS 0x000000076e400000, 0x000000076e400000| Untracked 
| 883|0x000000076e600000, 0x000000076e600000, 0x000000076e800000|  0%| F|  |TAMS 0x000000076e600000, 0x000000076e600000| Untracked 
| 884|0x000000076e800000, 0x000000076e800000, 0x000000076ea00000|  0%| F|  |TAMS 0x000000076e800000, 0x000000076e800000| Untracked 
| 885|0x000000076ea00000, 0x000000076ea00000, 0x000000076ec00000|  0%| F|  |TAMS 0x000000076ea00000, 0x000000076ea00000| Untracked 
| 886|0x000000076ec00000, 0x000000076ec00000, 0x000000076ee00000|  0%| F|  |TAMS 0x000000076ec00000, 0x000000076ec00000| Untracked 
| 887|0x000000076ee00000, 0x000000076ee00000, 0x000000076f000000|  0%| F|  |TAMS 0x000000076ee00000, 0x000000076ee00000| Untracked 
| 888|0x000000076f000000, 0x000000076f000000, 0x000000076f200000|  0%| F|  |TAMS 0x000000076f000000, 0x000000076f000000| Untracked 
| 889|0x000000076f200000, 0x000000076f200000, 0x000000076f400000|  0%| F|  |TAMS 0x000000076f200000, 0x000000076f200000| Untracked 
| 890|0x000000076f400000, 0x000000076f400000, 0x000000076f600000|  0%| F|  |TAMS 0x000000076f400000, 0x000000076f400000| Untracked 
| 891|0x000000076f600000, 0x000000076f600000, 0x000000076f800000|  0%| F|  |TAMS 0x000000076f600000, 0x000000076f600000| Untracked 
| 892|0x000000076f800000, 0x000000076f800000, 0x000000076fa00000|  0%| F|  |TAMS 0x000000076f800000, 0x000000076f800000| Untracked 
| 893|0x000000076fa00000, 0x000000076fa00000, 0x000000076fc00000|  0%| F|  |TAMS 0x000000076fa00000, 0x000000076fa00000| Untracked 
| 894|0x000000076fc00000, 0x000000076fc00000, 0x000000076fe00000|  0%| F|  |TAMS 0x000000076fc00000, 0x000000076fc00000| Untracked 
| 895|0x000000076fe00000, 0x000000076fe00000, 0x0000000770000000|  0%| F|  |TAMS 0x000000076fe00000, 0x000000076fe00000| Untracked 
| 896|0x0000000770000000, 0x0000000770000000, 0x0000000770200000|  0%| F|  |TAMS 0x0000000770000000, 0x0000000770000000| Untracked 
| 897|0x0000000770200000, 0x0000000770200000, 0x0000000770400000|  0%| F|  |TAMS 0x0000000770200000, 0x0000000770200000| Untracked 
| 898|0x0000000770400000, 0x0000000770400000, 0x0000000770600000|  0%| F|  |TAMS 0x0000000770400000, 0x0000000770400000| Untracked 
| 899|0x0000000770600000, 0x0000000770600000, 0x0000000770800000|  0%| F|  |TAMS 0x0000000770600000, 0x0000000770600000| Untracked 
| 900|0x0000000770800000, 0x0000000770800000, 0x0000000770a00000|  0%| F|  |TAMS 0x0000000770800000, 0x0000000770800000| Untracked 
| 901|0x0000000770a00000, 0x0000000770a00000, 0x0000000770c00000|  0%| F|  |TAMS 0x0000000770a00000, 0x0000000770a00000| Untracked 
| 902|0x0000000770c00000, 0x0000000770c00000, 0x0000000770e00000|  0%| F|  |TAMS 0x0000000770c00000, 0x0000000770c00000| Untracked 
| 903|0x0000000770e00000, 0x0000000770e00000, 0x0000000771000000|  0%| F|  |TAMS 0x0000000770e00000, 0x0000000770e00000| Untracked 
| 904|0x0000000771000000, 0x0000000771000000, 0x0000000771200000|  0%| F|  |TAMS 0x0000000771000000, 0x0000000771000000| Untracked 
| 905|0x0000000771200000, 0x0000000771200000, 0x0000000771400000|  0%| F|  |TAMS 0x0000000771200000, 0x0000000771200000| Untracked 
| 906|0x0000000771400000, 0x0000000771400000, 0x0000000771600000|  0%| F|  |TAMS 0x0000000771400000, 0x0000000771400000| Untracked 
| 907|0x0000000771600000, 0x0000000771600000, 0x0000000771800000|  0%| F|  |TAMS 0x0000000771600000, 0x0000000771600000| Untracked 
| 908|0x0000000771800000, 0x0000000771800000, 0x0000000771a00000|  0%| F|  |TAMS 0x0000000771800000, 0x0000000771800000| Untracked 
| 909|0x0000000771a00000, 0x0000000771a00000, 0x0000000771c00000|  0%| F|  |TAMS 0x0000000771a00000, 0x0000000771a00000| Untracked 
| 910|0x0000000771c00000, 0x0000000771c00000, 0x0000000771e00000|  0%| F|  |TAMS 0x0000000771c00000, 0x0000000771c00000| Untracked 
| 911|0x0000000771e00000, 0x0000000771e00000, 0x0000000772000000|  0%| F|  |TAMS 0x0000000771e00000, 0x0000000771e00000| Untracked 
| 912|0x0000000772000000, 0x0000000772000000, 0x0000000772200000|  0%| F|  |TAMS 0x0000000772000000, 0x0000000772000000| Untracked 
| 913|0x0000000772200000, 0x0000000772200000, 0x0000000772400000|  0%| F|  |TAMS 0x0000000772200000, 0x0000000772200000| Untracked 
| 914|0x0000000772400000, 0x0000000772400000, 0x0000000772600000|  0%| F|  |TAMS 0x0000000772400000, 0x0000000772400000| Untracked 
| 915|0x0000000772600000, 0x0000000772600000, 0x0000000772800000|  0%| F|  |TAMS 0x0000000772600000, 0x0000000772600000| Untracked 
| 916|0x0000000772800000, 0x0000000772800000, 0x0000000772a00000|  0%| F|  |TAMS 0x0000000772800000, 0x0000000772800000| Untracked 
| 917|0x0000000772a00000, 0x0000000772a00000, 0x0000000772c00000|  0%| F|  |TAMS 0x0000000772a00000, 0x0000000772a00000| Untracked 
| 918|0x0000000772c00000, 0x0000000772c00000, 0x0000000772e00000|  0%| F|  |TAMS 0x0000000772c00000, 0x0000000772c00000| Untracked 
| 919|0x0000000772e00000, 0x0000000772e00000, 0x0000000773000000|  0%| F|  |TAMS 0x0000000772e00000, 0x0000000772e00000| Untracked 
| 920|0x0000000773000000, 0x0000000773000000, 0x0000000773200000|  0%| F|  |TAMS 0x0000000773000000, 0x0000000773000000| Untracked 
| 921|0x0000000773200000, 0x0000000773200000, 0x0000000773400000|  0%| F|  |TAMS 0x0000000773200000, 0x0000000773200000| Untracked 
| 922|0x0000000773400000, 0x0000000773400000, 0x0000000773600000|  0%| F|  |TAMS 0x0000000773400000, 0x0000000773400000| Untracked 
| 923|0x0000000773600000, 0x0000000773600000, 0x0000000773800000|  0%| F|  |TAMS 0x0000000773600000, 0x0000000773600000| Untracked 
| 924|0x0000000773800000, 0x0000000773800000, 0x0000000773a00000|  0%| F|  |TAMS 0x0000000773800000, 0x0000000773800000| Untracked 
| 925|0x0000000773a00000, 0x0000000773a00000, 0x0000000773c00000|  0%| F|  |TAMS 0x0000000773a00000, 0x0000000773a00000| Untracked 
| 926|0x0000000773c00000, 0x0000000773c00000, 0x0000000773e00000|  0%| F|  |TAMS 0x0000000773c00000, 0x0000000773c00000| Untracked 
| 927|0x0000000773e00000, 0x0000000773e00000, 0x0000000774000000|  0%| F|  |TAMS 0x0000000773e00000, 0x0000000773e00000| Untracked 
| 928|0x0000000774000000, 0x0000000774000000, 0x0000000774200000|  0%| F|  |TAMS 0x0000000774000000, 0x0000000774000000| Untracked 
| 929|0x0000000774200000, 0x0000000774200000, 0x0000000774400000|  0%| F|  |TAMS 0x0000000774200000, 0x0000000774200000| Untracked 
| 930|0x0000000774400000, 0x0000000774400000, 0x0000000774600000|  0%| F|  |TAMS 0x0000000774400000, 0x0000000774400000| Untracked 
| 931|0x0000000774600000, 0x0000000774600000, 0x0000000774800000|  0%| F|  |TAMS 0x0000000774600000, 0x0000000774600000| Untracked 
| 932|0x0000000774800000, 0x0000000774800000, 0x0000000774a00000|  0%| F|  |TAMS 0x0000000774800000, 0x0000000774800000| Untracked 
| 933|0x0000000774a00000, 0x0000000774a00000, 0x0000000774c00000|  0%| F|  |TAMS 0x0000000774a00000, 0x0000000774a00000| Untracked 
| 934|0x0000000774c00000, 0x0000000774c00000, 0x0000000774e00000|  0%| F|  |TAMS 0x0000000774c00000, 0x0000000774c00000| Untracked 
| 935|0x0000000774e00000, 0x0000000774e00000, 0x0000000775000000|  0%| F|  |TAMS 0x0000000774e00000, 0x0000000774e00000| Untracked 
| 936|0x0000000775000000, 0x0000000775000000, 0x0000000775200000|  0%| F|  |TAMS 0x0000000775000000, 0x0000000775000000| Untracked 
| 937|0x0000000775200000, 0x0000000775200000, 0x0000000775400000|  0%| F|  |TAMS 0x0000000775200000, 0x0000000775200000| Untracked 
| 938|0x0000000775400000, 0x0000000775400000, 0x0000000775600000|  0%| F|  |TAMS 0x0000000775400000, 0x0000000775400000| Untracked 
| 939|0x0000000775600000, 0x0000000775600000, 0x0000000775800000|  0%| F|  |TAMS 0x0000000775600000, 0x0000000775600000| Untracked 
| 940|0x0000000775800000, 0x0000000775800000, 0x0000000775a00000|  0%| F|  |TAMS 0x0000000775800000, 0x0000000775800000| Untracked 
| 941|0x0000000775a00000, 0x0000000775a00000, 0x0000000775c00000|  0%| F|  |TAMS 0x0000000775a00000, 0x0000000775a00000| Untracked 
| 942|0x0000000775c00000, 0x0000000775c00000, 0x0000000775e00000|  0%| F|  |TAMS 0x0000000775c00000, 0x0000000775c00000| Untracked 
| 943|0x0000000775e00000, 0x0000000775e00000, 0x0000000776000000|  0%| F|  |TAMS 0x0000000775e00000, 0x0000000775e00000| Untracked 
| 944|0x0000000776000000, 0x0000000776000000, 0x0000000776200000|  0%| F|  |TAMS 0x0000000776000000, 0x0000000776000000| Untracked 
| 945|0x0000000776200000, 0x0000000776200000, 0x0000000776400000|  0%| F|  |TAMS 0x0000000776200000, 0x0000000776200000| Untracked 
| 946|0x0000000776400000, 0x0000000776400000, 0x0000000776600000|  0%| F|  |TAMS 0x0000000776400000, 0x0000000776400000| Untracked 
| 947|0x0000000776600000, 0x0000000776600000, 0x0000000776800000|  0%| F|  |TAMS 0x0000000776600000, 0x0000000776600000| Untracked 
| 948|0x0000000776800000, 0x0000000776800000, 0x0000000776a00000|  0%| F|  |TAMS 0x0000000776800000, 0x0000000776800000| Untracked 
| 949|0x0000000776a00000, 0x0000000776a00000, 0x0000000776c00000|  0%| F|  |TAMS 0x0000000776a00000, 0x0000000776a00000| Untracked 
| 950|0x0000000776c00000, 0x0000000776c00000, 0x0000000776e00000|  0%| F|  |TAMS 0x0000000776c00000, 0x0000000776c00000| Untracked 
| 951|0x0000000776e00000, 0x0000000776e00000, 0x0000000777000000|  0%| F|  |TAMS 0x0000000776e00000, 0x0000000776e00000| Untracked 
| 952|0x0000000777000000, 0x0000000777000000, 0x0000000777200000|  0%| F|  |TAMS 0x0000000777000000, 0x0000000777000000| Untracked 
| 953|0x0000000777200000, 0x0000000777200000, 0x0000000777400000|  0%| F|  |TAMS 0x0000000777200000, 0x0000000777200000| Untracked 
| 954|0x0000000777400000, 0x0000000777400000, 0x0000000777600000|  0%| F|  |TAMS 0x0000000777400000, 0x0000000777400000| Untracked 
| 955|0x0000000777600000, 0x0000000777600000, 0x0000000777800000|  0%| F|  |TAMS 0x0000000777600000, 0x0000000777600000| Untracked 
| 956|0x0000000777800000, 0x0000000777800000, 0x0000000777a00000|  0%| F|  |TAMS 0x0000000777800000, 0x0000000777800000| Untracked 
| 957|0x0000000777a00000, 0x0000000777a00000, 0x0000000777c00000|  0%| F|  |TAMS 0x0000000777a00000, 0x0000000777a00000| Untracked 
| 958|0x0000000777c00000, 0x0000000777c00000, 0x0000000777e00000|  0%| F|  |TAMS 0x0000000777c00000, 0x0000000777c00000| Untracked 
| 959|0x0000000777e00000, 0x0000000777e00000, 0x0000000778000000|  0%| F|  |TAMS 0x0000000777e00000, 0x0000000777e00000| Untracked 
| 960|0x0000000778000000, 0x0000000778000000, 0x0000000778200000|  0%| F|  |TAMS 0x0000000778000000, 0x0000000778000000| Untracked 
| 961|0x0000000778200000, 0x0000000778200000, 0x0000000778400000|  0%| F|  |TAMS 0x0000000778200000, 0x0000000778200000| Untracked 
| 962|0x0000000778400000, 0x0000000778400000, 0x0000000778600000|  0%| F|  |TAMS 0x0000000778400000, 0x0000000778400000| Untracked 
| 963|0x0000000778600000, 0x0000000778600000, 0x0000000778800000|  0%| F|  |TAMS 0x0000000778600000, 0x0000000778600000| Untracked 
| 964|0x0000000778800000, 0x0000000778800000, 0x0000000778a00000|  0%| F|  |TAMS 0x0000000778800000, 0x0000000778800000| Untracked 
| 965|0x0000000778a00000, 0x0000000778a00000, 0x0000000778c00000|  0%| F|  |TAMS 0x0000000778a00000, 0x0000000778a00000| Untracked 
| 966|0x0000000778c00000, 0x0000000778c00000, 0x0000000778e00000|  0%| F|  |TAMS 0x0000000778c00000, 0x0000000778c00000| Untracked 
| 967|0x0000000778e00000, 0x0000000778e00000, 0x0000000779000000|  0%| F|  |TAMS 0x0000000778e00000, 0x0000000778e00000| Untracked 
| 968|0x0000000779000000, 0x0000000779000000, 0x0000000779200000|  0%| F|  |TAMS 0x0000000779000000, 0x0000000779000000| Untracked 
| 969|0x0000000779200000, 0x0000000779200000, 0x0000000779400000|  0%| F|  |TAMS 0x0000000779200000, 0x0000000779200000| Untracked 
| 970|0x0000000779400000, 0x0000000779400000, 0x0000000779600000|  0%| F|  |TAMS 0x0000000779400000, 0x0000000779400000| Untracked 
| 971|0x0000000779600000, 0x0000000779600000, 0x0000000779800000|  0%| F|  |TAMS 0x0000000779600000, 0x0000000779600000| Untracked 
| 972|0x0000000779800000, 0x0000000779800000, 0x0000000779a00000|  0%| F|  |TAMS 0x0000000779800000, 0x0000000779800000| Untracked 
| 973|0x0000000779a00000, 0x0000000779a00000, 0x0000000779c00000|  0%| F|  |TAMS 0x0000000779a00000, 0x0000000779a00000| Untracked 
| 974|0x0000000779c00000, 0x0000000779c00000, 0x0000000779e00000|  0%| F|  |TAMS 0x0000000779c00000, 0x0000000779c00000| Untracked 
| 975|0x0000000779e00000, 0x0000000779e00000, 0x000000077a000000|  0%| F|  |TAMS 0x0000000779e00000, 0x0000000779e00000| Untracked 
| 976|0x000000077a000000, 0x000000077a000000, 0x000000077a200000|  0%| F|  |TAMS 0x000000077a000000, 0x000000077a000000| Untracked 
| 977|0x000000077a200000, 0x000000077a200000, 0x000000077a400000|  0%| F|  |TAMS 0x000000077a200000, 0x000000077a200000| Untracked 
| 978|0x000000077a400000, 0x000000077a400000, 0x000000077a600000|  0%| F|  |TAMS 0x000000077a400000, 0x000000077a400000| Untracked 
| 979|0x000000077a600000, 0x000000077a800000, 0x000000077a800000|100%| S|CS|TAMS 0x000000077a600000, 0x000000077a600000| Complete 
| 980|0x000000077a800000, 0x000000077aa00000, 0x000000077aa00000|100%| S|CS|TAMS 0x000000077a800000, 0x000000077a800000| Complete 
| 981|0x000000077aa00000, 0x000000077aa00000, 0x000000077ac00000|  0%| F|  |TAMS 0x000000077aa00000, 0x000000077aa00000| Untracked 
| 982|0x000000077ac00000, 0x000000077ac00000, 0x000000077ae00000|  0%| F|  |TAMS 0x000000077ac00000, 0x000000077ac00000| Untracked 
| 983|0x000000077ae00000, 0x000000077ae00000, 0x000000077b000000|  0%| F|  |TAMS 0x000000077ae00000, 0x000000077ae00000| Untracked 
| 984|0x000000077b000000, 0x000000077b000000, 0x000000077b200000|  0%| F|  |TAMS 0x000000077b000000, 0x000000077b000000| Untracked 
| 985|0x000000077b200000, 0x000000077b200000, 0x000000077b400000|  0%| F|  |TAMS 0x000000077b200000, 0x000000077b200000| Untracked 
| 986|0x000000077b400000, 0x000000077b400000, 0x000000077b600000|  0%| F|  |TAMS 0x000000077b400000, 0x000000077b400000| Untracked 
| 987|0x000000077b600000, 0x000000077b600000, 0x000000077b800000|  0%| F|  |TAMS 0x000000077b600000, 0x000000077b600000| Untracked 
| 988|0x000000077b800000, 0x000000077ba00000, 0x000000077ba00000|100%| S|CS|TAMS 0x000000077b800000, 0x000000077b800000| Complete 
| 989|0x000000077ba00000, 0x000000077bc00000, 0x000000077bc00000|100%| S|CS|TAMS 0x000000077ba00000, 0x000000077ba00000| Complete 
| 990|0x000000077bc00000, 0x000000077be00000, 0x000000077be00000|100%| S|CS|TAMS 0x000000077bc00000, 0x000000077bc00000| Complete 
| 991|0x000000077be00000, 0x000000077c000000, 0x000000077c000000|100%| S|CS|TAMS 0x000000077be00000, 0x000000077be00000| Complete 
| 992|0x000000077c000000, 0x000000077c200000, 0x000000077c200000|100%| S|CS|TAMS 0x000000077c000000, 0x000000077c000000| Complete 
| 993|0x000000077c200000, 0x000000077c200000, 0x000000077c400000|  0%| F|  |TAMS 0x000000077c200000, 0x000000077c200000| Untracked 
| 994|0x000000077c400000, 0x000000077c400000, 0x000000077c600000|  0%| F|  |TAMS 0x000000077c400000, 0x000000077c400000| Untracked 
| 995|0x000000077c600000, 0x000000077c600000, 0x000000077c800000|  0%| F|  |TAMS 0x000000077c600000, 0x000000077c600000| Untracked 
| 996|0x000000077c800000, 0x000000077c800000, 0x000000077ca00000|  0%| F|  |TAMS 0x000000077c800000, 0x000000077c800000| Untracked 
| 997|0x000000077ca00000, 0x000000077ca00000, 0x000000077cc00000|  0%| F|  |TAMS 0x000000077ca00000, 0x000000077ca00000| Untracked 
| 998|0x000000077cc00000, 0x000000077cc00000, 0x000000077ce00000|  0%| F|  |TAMS 0x000000077cc00000, 0x000000077cc00000| Untracked 
| 999|0x000000077ce00000, 0x000000077ce00000, 0x000000077d000000|  0%| F|  |TAMS 0x000000077ce00000, 0x000000077ce00000| Untracked 
|1000|0x000000077d000000, 0x000000077d000000, 0x000000077d200000|  0%| F|  |TAMS 0x000000077d000000, 0x000000077d000000| Untracked 
|1001|0x000000077d200000, 0x000000077d200000, 0x000000077d400000|  0%| F|  |TAMS 0x000000077d200000, 0x000000077d200000| Untracked 
|1002|0x000000077d400000, 0x000000077d400000, 0x000000077d600000|  0%| F|  |TAMS 0x000000077d400000, 0x000000077d400000| Untracked 
|1003|0x000000077d600000, 0x000000077d600000, 0x000000077d800000|  0%| F|  |TAMS 0x000000077d600000, 0x000000077d600000| Untracked 
|1004|0x000000077d800000, 0x000000077d800000, 0x000000077da00000|  0%| F|  |TAMS 0x000000077d800000, 0x000000077d800000| Untracked 
|1005|0x000000077da00000, 0x000000077da00000, 0x000000077dc00000|  0%| F|  |TAMS 0x000000077da00000, 0x000000077da00000| Untracked 
|1006|0x000000077dc00000, 0x000000077dc00000, 0x000000077de00000|  0%| F|  |TAMS 0x000000077dc00000, 0x000000077dc00000| Untracked 
|1007|0x000000077de00000, 0x000000077de00000, 0x000000077e000000|  0%| F|  |TAMS 0x000000077de00000, 0x000000077de00000| Untracked 
|1008|0x000000077e000000, 0x000000077e000000, 0x000000077e200000|  0%| F|  |TAMS 0x000000077e000000, 0x000000077e000000| Untracked 
|1009|0x000000077e200000, 0x000000077e200000, 0x000000077e400000|  0%| F|  |TAMS 0x000000077e200000, 0x000000077e200000| Untracked 
|1010|0x000000077e400000, 0x000000077e400000, 0x000000077e600000|  0%| F|  |TAMS 0x000000077e400000, 0x000000077e400000| Untracked 
|1011|0x000000077e600000, 0x000000077e600000, 0x000000077e800000|  0%| F|  |TAMS 0x000000077e600000, 0x000000077e600000| Untracked 
|1012|0x000000077e800000, 0x000000077e800000, 0x000000077ea00000|  0%| F|  |TAMS 0x000000077e800000, 0x000000077e800000| Untracked 
|1013|0x000000077ea00000, 0x000000077ea00000, 0x000000077ec00000|  0%| F|  |TAMS 0x000000077ea00000, 0x000000077ea00000| Untracked 
|1014|0x000000077ec00000, 0x000000077ed5d0e0, 0x000000077ee00000| 68%| E|  |TAMS 0x000000077ec00000, 0x000000077ec00000| Complete 
|1015|0x000000077ee00000, 0x000000077f000000, 0x000000077f000000|100%| E|CS|TAMS 0x000000077ee00000, 0x000000077ee00000| Complete 
|1016|0x000000077f000000, 0x000000077f200000, 0x000000077f200000|100%| E|CS|TAMS 0x000000077f000000, 0x000000077f000000| Complete 
|1017|0x000000077f200000, 0x000000077f400000, 0x000000077f400000|100%| E|CS|TAMS 0x000000077f200000, 0x000000077f200000| Complete 
|1018|0x000000077f400000, 0x000000077f600000, 0x000000077f600000|100%| E|CS|TAMS 0x000000077f400000, 0x000000077f400000| Complete 
|1019|0x000000077f600000, 0x000000077f800000, 0x000000077f800000|100%| E|CS|TAMS 0x000000077f600000, 0x000000077f600000| Complete 
|1020|0x000000077f800000, 0x000000077fa00000, 0x000000077fa00000|100%| E|CS|TAMS 0x000000077f800000, 0x000000077f800000| Complete 
|1021|0x000000077fa00000, 0x000000077fc00000, 0x000000077fc00000|100%| E|CS|TAMS 0x000000077fa00000, 0x000000077fa00000| Complete 
|1022|0x000000077fc00000, 0x000000077fe00000, 0x000000077fe00000|100%| E|CS|TAMS 0x000000077fc00000, 0x000000077fc00000| Complete 
|1023|0x000000077fe00000, 0x0000000780000000, 0x0000000780000000|100%| E|CS|TAMS 0x000000077fe00000, 0x000000077fe00000| Complete 
|1024|0x0000000780000000, 0x0000000780200000, 0x0000000780200000|100%| E|CS|TAMS 0x0000000780000000, 0x0000000780000000| Complete 
|1025|0x0000000780200000, 0x0000000780400000, 0x0000000780400000|100%| E|CS|TAMS 0x0000000780200000, 0x0000000780200000| Complete 
|1026|0x0000000780400000, 0x0000000780600000, 0x0000000780600000|100%| E|CS|TAMS 0x0000000780400000, 0x0000000780400000| Complete 
|1027|0x0000000780600000, 0x0000000780800000, 0x0000000780800000|100%| E|CS|TAMS 0x0000000780600000, 0x0000000780600000| Complete 
|1028|0x0000000780800000, 0x0000000780a00000, 0x0000000780a00000|100%| E|CS|TAMS 0x0000000780800000, 0x0000000780800000| Complete 
|1029|0x0000000780a00000, 0x0000000780c00000, 0x0000000780c00000|100%| E|CS|TAMS 0x0000000780a00000, 0x0000000780a00000| Complete 
|1030|0x0000000780c00000, 0x0000000780e00000, 0x0000000780e00000|100%| E|CS|TAMS 0x0000000780c00000, 0x0000000780c00000| Complete 
|1031|0x0000000780e00000, 0x0000000781000000, 0x0000000781000000|100%| E|CS|TAMS 0x0000000780e00000, 0x0000000780e00000| Complete 
|1032|0x0000000781000000, 0x0000000781200000, 0x0000000781200000|100%| E|CS|TAMS 0x0000000781000000, 0x0000000781000000| Complete 
|1033|0x0000000781200000, 0x0000000781400000, 0x0000000781400000|100%| E|CS|TAMS 0x0000000781200000, 0x0000000781200000| Complete 
|1034|0x0000000781400000, 0x0000000781600000, 0x0000000781600000|100%| E|CS|TAMS 0x0000000781400000, 0x0000000781400000| Complete 
|1035|0x0000000781600000, 0x0000000781800000, 0x0000000781800000|100%| E|CS|TAMS 0x0000000781600000, 0x0000000781600000| Complete 
|1036|0x0000000781800000, 0x0000000781a00000, 0x0000000781a00000|100%| E|CS|TAMS 0x0000000781800000, 0x0000000781800000| Complete 

Card table byte_map: [0x0000023b75440000,0x0000023b75c40000] _byte_map_base: 0x0000023b71c40000

Marking Bits (Prev, Next): (CMBitMap*) 0x0000023b5de10390, (CMBitMap*) 0x0000023b5de10350
 Prev Bits: [0x0000023b7a440000, 0x0000023b7e440000)
 Next Bits: [0x0000023b76440000, 0x0000023b7a440000)

Polling page: 0x0000023b5bbe0000

Metaspace:

Usage:
  Non-class:    157.17 MB used.
      Class:     23.47 MB used.
       Both:    180.63 MB used.

Virtual space:
  Non-class space:      192.00 MB reserved,     158.44 MB ( 83%) committed,  3 nodes.
      Class space:      832.00 MB reserved,      24.94 MB (  3%) committed,  1 nodes.
             Both:        1.00 GB reserved,     183.38 MB ( 18%) committed. 

Chunk freelists:
   Non-Class:  1.54 MB
       Class:  7.34 MB
        Both:  8.88 MB

MaxMetaspaceSize: 1.00 GB
CompressedClassSpaceSize: 832.00 MB
Initial GC threshold: 21.00 MB
Current GC threshold: 305.56 MB
CDS: on
MetaspaceReclaimPolicy: balanced
 - commit_granule_bytes: 65536.
 - commit_granule_words: 8192.
 - virtual_space_node_default_size: 8388608.
 - enlarge_chunks_in_place: 1.
 - new_chunks_are_fully_committed: 0.
 - uncommit_free_chunks: 1.
 - use_allocation_guard: 0.
 - handle_deallocations: 1.


Internal statistics:

num_allocs_failed_limit: 9.
num_arena_births: 5936.
num_arena_deaths: 2252.
num_vsnodes_births: 4.
num_vsnodes_deaths: 0.
num_space_committed: 2960.
num_space_uncommitted: 28.
num_chunks_returned_to_freelist: 3023.
num_chunks_taken_from_freelist: 15991.
num_chunk_merges: 1130.
num_chunk_splits: 9226.
num_chunks_enlarged: 4938.
num_inconsistent_stats: 0.

CodeHeap 'non-profiled nmethods': size=120000Kb used=42133Kb max_used=42382Kb free=77866Kb
 bounds [0x0000023b6d3e0000, 0x0000023b6fd50000, 0x0000023b74910000]
CodeHeap 'profiled nmethods': size=120000Kb used=74011Kb max_used=74984Kb free=45988Kb
 bounds [0x0000023b65910000, 0x0000023b6a290000, 0x0000023b6ce40000]
CodeHeap 'non-nmethods': size=5760Kb used=1899Kb max_used=1990Kb free=3860Kb
 bounds [0x0000023b6ce40000, 0x0000023b6d0b0000, 0x0000023b6d3e0000]
 total_blobs=38127 nmethods=37110 adapters=925
 compilation: enabled
              stopped_count=0, restarted_count=0
 full_count=0

Compilation events (20 events):
Event: 7864.245 Thread 0x0000023b7e837e90 51461       4       com.android.tools.r8.graph.x5$$Lambda$4720/0x0000023b04795200::accept (20 bytes)
Event: 7864.274 Thread 0x0000023b7e837e90 nmethod 51461 0x0000023b6f5a2c90 code [0x0000023b6f5a2ec0, 0x0000023b6f5a3860]
Event: 7864.274 Thread 0x0000023b7e837e90 51455       4       com.android.tools.r8.graph.U2::a1 (1 bytes)
Event: 7864.274 Thread 0x0000023b7e837e90 nmethod 51455 0x0000023b6f5b2810 code [0x0000023b6f5b2980, 0x0000023b6f5b29f8]
Event: 7864.962 Thread 0x0000023b7e8396e0 51462       3       com.android.tools.r8.graph.m1::a (10 bytes)
Event: 7864.962 Thread 0x0000023b7e8396e0 nmethod 51462 0x0000023b6688cb10 code [0x0000023b6688ccc0, 0x0000023b6688cfa8]
Event: 7864.965 Thread 0x0000023b7e837e90 51463       4       com.android.tools.r8.graph.m1::a (10 bytes)
Event: 7864.967 Thread 0x0000023b7e837e90 nmethod 51463 0x0000023b6eab5990 code [0x0000023b6eab5b20, 0x0000023b6eab5c48]
Event: 7865.001 Thread 0x0000023b7e837e90 51464       4       com.android.tools.r8.internal.iM::a (228 bytes)
Event: 7865.049 Thread 0x0000023b7e8396e0 51468       3       com.android.tools.r8.internal.iM$$Lambda$5026/0x0000023b047fe148::<init> (15 bytes)
Event: 7865.049 Thread 0x0000023b7e8396e0 nmethod 51468 0x0000023b65923190 code [0x0000023b65923340, 0x0000023b65923578]
Event: 7865.274 Thread 0x0000023b7e8396e0 51474       3       com.android.tools.r8.graph.P2$c::hashCode (15 bytes)
Event: 7865.274 Thread 0x0000023b7e837e90 nmethod 51464 0x0000023b6e0c1490 code [0x0000023b6e0c1740, 0x0000023b6e0c3f28]
Event: 7865.274 Thread 0x0000023b7e8396e0 nmethod 51474 0x0000023b669b0f10 code [0x0000023b669b10c0, 0x0000023b669b1238]
Event: 7865.275 Thread 0x0000023b7e837e90 51472       4       com.android.tools.r8.graph.D5::a (133 bytes)
Event: 7865.305 Thread 0x0000023b7e8396e0 51475       3       com.android.tools.r8.graph.O0::a (10 bytes)
Event: 7865.305 Thread 0x0000023b7e8396e0 nmethod 51475 0x0000023b65c45910 code [0x0000023b65c45b20, 0x0000023b65c46388]
Event: 7865.309 Thread 0x0000023b7e8396e0 51476       1       com.android.tools.r8.graph.R0::r0 (3 bytes)
Event: 7865.309 Thread 0x0000023b7e8396e0 nmethod 51476 0x0000023b6f5a2810 code [0x0000023b6f5a29a0, 0x0000023b6f5a2a78]
Event: 7865.571 Thread 0x0000023b7e8396e0 51482 %     3       com.android.tools.r8.dex.L::a @ 15 (4091 bytes)

GC Heap History (20 events):
Event: 7855.233 GC heap after
{Heap after GC invocations=125 (full 1):
 garbage-first heap   total 634880K, used 339421K [0x0000000700000000, 0x0000000800000000)
  region size 2048K, 15 young (30720K), 15 survivors (30720K)
 Metaspace       used 185207K, committed 187776K, reserved 1048576K
  class space    used 24049K, committed 25536K, reserved 851968K
}
Event: 7855.242 GC heap before
{Heap before GC invocations=125 (full 1):
 garbage-first heap   total 634880K, used 341469K [0x0000000700000000, 0x0000000800000000)
  region size 2048K, 16 young (32768K), 15 survivors (30720K)
 Metaspace       used 185207K, committed 187776K, reserved 1048576K
  class space    used 24049K, committed 25536K, reserved 851968K
}
Event: 7855.274 GC heap after
{Heap after GC invocations=126 (full 1):
 garbage-first heap   total 634880K, used 331382K [0x0000000700000000, 0x0000000800000000)
  region size 2048K, 1 young (2048K), 1 survivors (2048K)
 Metaspace       used 185207K, committed 187776K, reserved 1048576K
  class space    used 24049K, committed 25536K, reserved 851968K
}
Event: 7855.536 GC heap before
{Heap before GC invocations=126 (full 1):
 garbage-first heap   total 634880K, used 364150K [0x0000000700000000, 0x0000000800000000)
  region size 2048K, 18 young (36864K), 1 survivors (2048K)
 Metaspace       used 185207K, committed 187776K, reserved 1048576K
  class space    used 24049K, committed 25536K, reserved 851968K
}
Event: 7855.549 GC heap after
{Heap after GC invocations=127 (full 1):
 garbage-first heap   total 634880K, used 339173K [0x0000000700000000, 0x0000000800000000)
  region size 2048K, 5 young (10240K), 5 survivors (10240K)
 Metaspace       used 185207K, committed 187776K, reserved 1048576K
  class space    used 24049K, committed 25536K, reserved 851968K
}
Event: 7857.310 GC heap before
{Heap before GC invocations=128 (full 1):
 garbage-first heap   total 634880K, used 492773K [0x0000000700000000, 0x0000000800000000)
  region size 2048K, 81 young (165888K), 5 survivors (10240K)
 Metaspace       used 184938K, committed 187776K, reserved 1048576K
  class space    used 24029K, committed 25536K, reserved 851968K
}
Event: 7857.423 GC heap after
{Heap after GC invocations=129 (full 1):
 garbage-first heap   total 634880K, used 400026K [0x0000000700000000, 0x0000000800000000)
  region size 2048K, 11 young (22528K), 11 survivors (22528K)
 Metaspace       used 184938K, committed 187776K, reserved 1048576K
  class space    used 24029K, committed 25536K, reserved 851968K
}
Event: 7857.496 GC heap before
{Heap before GC invocations=129 (full 1):
 garbage-first heap   total 634880K, used 408218K [0x0000000700000000, 0x0000000800000000)
  region size 2048K, 15 young (30720K), 11 survivors (22528K)
 Metaspace       used 184938K, committed 187776K, reserved 1048576K
  class space    used 24029K, committed 25536K, reserved 851968K
}
Event: 7857.547 GC heap after
{Heap after GC invocations=130 (full 1):
 garbage-first heap   total 634880K, used 402998K [0x0000000700000000, 0x0000000800000000)
  region size 2048K, 2 young (4096K), 2 survivors (4096K)
 Metaspace       used 184938K, committed 187776K, reserved 1048576K
  class space    used 24029K, committed 25536K, reserved 851968K
}
Event: 7858.429 GC heap before
{Heap before GC invocations=130 (full 1):
 garbage-first heap   total 634880K, used 497206K [0x0000000700000000, 0x0000000800000000)
  region size 2048K, 48 young (98304K), 2 survivors (4096K)
 Metaspace       used 184947K, committed 187776K, reserved 1048576K
  class space    used 24029K, committed 25536K, reserved 851968K
}
Event: 7858.476 GC heap after
{Heap after GC invocations=131 (full 1):
 garbage-first heap   total 634880K, used 426237K [0x0000000700000000, 0x0000000800000000)
  region size 2048K, 6 young (12288K), 6 survivors (12288K)
 Metaspace       used 184947K, committed 187776K, reserved 1048576K
  class space    used 24029K, committed 25536K, reserved 851968K
}
Event: 7860.365 GC heap before
{Heap before GC invocations=132 (full 1):
 garbage-first heap   total 741376K, used 487677K [0x0000000700000000, 0x0000000800000000)
  region size 2048K, 45 young (92160K), 6 survivors (12288K)
 Metaspace       used 184967K, committed 187776K, reserved 1048576K
  class space    used 24029K, committed 25536K, reserved 851968K
}
Event: 7860.392 GC heap after
{Heap after GC invocations=133 (full 1):
 garbage-first heap   total 741376K, used 420605K [0x0000000700000000, 0x0000000800000000)
  region size 2048K, 5 young (10240K), 5 survivors (10240K)
 Metaspace       used 184967K, committed 187776K, reserved 1048576K
  class space    used 24029K, committed 25536K, reserved 851968K
}
Event: 7860.804 GC heap before
{Heap before GC invocations=133 (full 1):
 garbage-first heap   total 741376K, used 447229K [0x0000000700000000, 0x0000000800000000)
  region size 2048K, 18 young (36864K), 5 survivors (10240K)
 Metaspace       used 184967K, committed 187776K, reserved 1048576K
  class space    used 24029K, committed 25536K, reserved 851968K
}
Event: 7860.818 GC heap after
{Heap after GC invocations=134 (full 1):
 garbage-first heap   total 741376K, used 413715K [0x0000000700000000, 0x0000000800000000)
  region size 2048K, 2 young (4096K), 2 survivors (4096K)
 Metaspace       used 184967K, committed 187776K, reserved 1048576K
  class space    used 24029K, committed 25536K, reserved 851968K
}
Event: 7861.866 GC heap before
{Heap before GC invocations=134 (full 1):
 garbage-first heap   total 741376K, used 428051K [0x0000000700000000, 0x0000000800000000)
  region size 2048K, 10 young (20480K), 2 survivors (4096K)
 Metaspace       used 184968K, committed 187776K, reserved 1048576K
  class space    used 24029K, committed 25536K, reserved 851968K
}
Event: 7862.891 GC heap after
{Heap after GC invocations=135 (full 1):
 garbage-first heap   total 2123776K, used 414768K [0x0000000700000000, 0x0000000800000000)
  region size 2048K, 2 young (4096K), 2 survivors (4096K)
 Metaspace       used 184968K, committed 187776K, reserved 1048576K
  class space    used 24029K, committed 25536K, reserved 851968K
}
Event: 7865.063 GC heap before
{Heap before GC invocations=135 (full 1):
 garbage-first heap   total 2123776K, used 523312K [0x0000000700000000, 0x0000000800000000)
  region size 2048K, 51 young (104448K), 2 survivors (4096K)
 Metaspace       used 184969K, committed 187776K, reserved 1048576K
  class space    used 24029K, committed 25536K, reserved 851968K
}
Event: 7865.090 GC heap after
{Heap after GC invocations=136 (full 1):
 garbage-first heap   total 2123776K, used 436278K [0x0000000700000000, 0x0000000800000000)
  region size 2048K, 7 young (14336K), 7 survivors (14336K)
 Metaspace       used 184969K, committed 187776K, reserved 1048576K
  class space    used 24029K, committed 25536K, reserved 851968K
}
Event: 7865.748 GC heap before
{Heap before GC invocations=136 (full 1):
 garbage-first heap   total 2123776K, used 532534K [0x0000000700000000, 0x0000000800000000)
  region size 2048K, 51 young (104448K), 7 survivors (14336K)
 Metaspace       used 184969K, committed 187776K, reserved 1048576K
  class space    used 24029K, committed 25536K, reserved 851968K
}

Dll operation events (16 events):
Event: 0.018 Loaded shared library C:\Program Files\Microsoft\jdk-17.0.17.10-hotspot\bin\java.dll
Event: 0.041 Loaded shared library C:\Program Files\Microsoft\jdk-17.0.17.10-hotspot\bin\jsvml.dll
Event: 0.102 Loaded shared library C:\Program Files\Microsoft\jdk-17.0.17.10-hotspot\bin\zip.dll
Event: 0.106 Loaded shared library C:\Program Files\Microsoft\jdk-17.0.17.10-hotspot\bin\instrument.dll
Event: 0.111 Loaded shared library C:\Program Files\Microsoft\jdk-17.0.17.10-hotspot\bin\net.dll
Event: 0.113 Loaded shared library C:\Program Files\Microsoft\jdk-17.0.17.10-hotspot\bin\nio.dll
Event: 0.115 Loaded shared library C:\Program Files\Microsoft\jdk-17.0.17.10-hotspot\bin\zip.dll
Event: 0.458 Loaded shared library C:\Program Files\Microsoft\jdk-17.0.17.10-hotspot\bin\jimage.dll
Event: 0.834 Loaded shared library C:\Program Files\Microsoft\jdk-17.0.17.10-hotspot\bin\verify.dll
Event: 0.891 Loaded shared library C:\Users\Yuvarajsinh07\.gradle\native\1def1411415f61bf3af743bc5b6707747c0891f09f0c88961ee8f79bc544acac\windows-amd64\native-platform.dll
Event: 0.916 Loaded shared library C:\Users\Yuvarajsinh07\.gradle\native\0.2.8\x86_64-windows-gnu\gradle-fileevents.dll
Event: 2.437 Loaded shared library C:\Program Files\Microsoft\jdk-17.0.17.10-hotspot\bin\management.dll
Event: 2.439 Loaded shared library C:\Program Files\Microsoft\jdk-17.0.17.10-hotspot\bin\management_ext.dll
Event: 2.686 Loaded shared library C:\Program Files\Microsoft\jdk-17.0.17.10-hotspot\bin\extnet.dll
Event: 2.973 Loaded shared library C:\Program Files\Microsoft\jdk-17.0.17.10-hotspot\bin\sunmscapi.dll
Event: 20.395 Loaded shared library C:\Program Files\Microsoft\jdk-17.0.17.10-hotspot\bin\rmi.dll

Deoptimization events (20 events):
Event: 7865.100 Thread 0x0000023b50c7c9b0 DEOPT PACKING pc=0x0000023b69690d23 sp=0x000000b5774fe7a0
Event: 7865.100 Thread 0x0000023b50c7c9b0 DEOPT UNPACKING pc=0x0000023b6ce97143 sp=0x000000b5774fe0f0 mode 0
Event: 7865.151 Thread 0x0000023b50c7c9b0 DEOPT PACKING pc=0x0000023b69690d23 sp=0x000000b5774fe7f0
Event: 7865.151 Thread 0x0000023b50c7c9b0 DEOPT UNPACKING pc=0x0000023b6ce97143 sp=0x000000b5774fe140 mode 0
Event: 7865.234 Thread 0x0000023b50c7c9b0 DEOPT PACKING pc=0x0000023b69690d23 sp=0x000000b5774fe7f0
Event: 7865.234 Thread 0x0000023b50c7c9b0 DEOPT UNPACKING pc=0x0000023b6ce97143 sp=0x000000b5774fe140 mode 0
Event: 7865.253 Thread 0x0000023b50c7c9b0 DEOPT PACKING pc=0x0000023b69690d23 sp=0x000000b5774fe7a0
Event: 7865.253 Thread 0x0000023b50c7c9b0 DEOPT UNPACKING pc=0x0000023b6ce97143 sp=0x000000b5774fe0f0 mode 0
Event: 7865.510 Thread 0x0000023b3f7f76f0 DEOPT PACKING pc=0x0000023b69004b59 sp=0x000000b575bfef20
Event: 7865.511 Thread 0x0000023b3f7f76f0 DEOPT UNPACKING pc=0x0000023b6ce97143 sp=0x000000b575bfe4f0 mode 0
Event: 7865.543 Thread 0x0000023b3f7f76f0 DEOPT PACKING pc=0x0000023b69c73673 sp=0x000000b575bfedc0
Event: 7865.550 Thread 0x0000023b3f7f76f0 DEOPT UNPACKING pc=0x0000023b6ce97143 sp=0x000000b575bfe398 mode 0
Event: 7865.569 Thread 0x0000023b3f7f76f0 Uncommon trap: trap_request=0xffffff45 fr.pc=0x0000023b6f67c0a8 relative=0x0000000000006928
Event: 7865.569 Thread 0x0000023b3f7f76f0 Uncommon trap: reason=unstable_if action=reinterpret pc=0x0000023b6f67c0a8 method=com.android.tools.r8.dex.L.a(II)Lcom/android/tools/r8/dex/G; @ 54 c2
Event: 7865.569 Thread 0x0000023b3f7f76f0 DEOPT PACKING pc=0x0000023b6f67c0a8 sp=0x000000b575bfef30
Event: 7865.571 Thread 0x0000023b3f7f76f0 DEOPT UNPACKING pc=0x0000023b6ce969a3 sp=0x000000b575bfef10 mode 2
Event: 7865.607 Thread 0x0000023b50c7c9b0 DEOPT PACKING pc=0x0000023b69004b59 sp=0x000000b5774fec30
Event: 7865.607 Thread 0x0000023b50c7c9b0 DEOPT UNPACKING pc=0x0000023b6ce97143 sp=0x000000b5774fe200 mode 0
Event: 7865.710 Thread 0x0000023b50c7c9b0 DEOPT PACKING pc=0x0000023b69c73673 sp=0x000000b5774fead0
Event: 7865.710 Thread 0x0000023b50c7c9b0 DEOPT UNPACKING pc=0x0000023b6ce97143 sp=0x000000b5774fe0a8 mode 0

Classes loaded (20 events):
Event: 1518.960 Loading class java/io/PushbackInputStream
Event: 1518.963 Loading class java/io/PushbackInputStream done
Event: 1520.169 Loading class sun/nio/cs/US_ASCII$Decoder
Event: 1520.171 Loading class sun/nio/cs/US_ASCII$Decoder done
Event: 1521.299 Loading class java/util/Vector$1
Event: 1521.299 Loading class java/util/Vector$1 done
Event: 1522.228 Loading class sun/nio/cs/US_ASCII$Encoder
Event: 1522.228 Loading class sun/nio/cs/US_ASCII$Encoder done
Event: 1522.230 Loading class sun/nio/cs/ThreadLocalCoders
Event: 1522.231 Loading class sun/nio/cs/ThreadLocalCoders done
Event: 1522.231 Loading class sun/nio/cs/ThreadLocalCoders$1
Event: 1522.232 Loading class sun/nio/cs/ThreadLocalCoders$Cache
Event: 1522.232 Loading class sun/nio/cs/ThreadLocalCoders$Cache done
Event: 1522.232 Loading class sun/nio/cs/ThreadLocalCoders$1 done
Event: 1522.232 Loading class sun/nio/cs/ThreadLocalCoders$2
Event: 1522.232 Loading class sun/nio/cs/ThreadLocalCoders$2 done
Event: 1522.273 Loading class java/util/TreeMap$AscendingSubMap
Event: 1522.275 Loading class java/util/TreeMap$AscendingSubMap done
Event: 1522.276 Loading class java/util/TreeMap$NavigableSubMap$SubMapKeyIterator
Event: 1522.277 Loading class java/util/TreeMap$NavigableSubMap$SubMapKeyIterator done

Classes unloaded (20 events):
Event: 7856.068 Thread 0x0000023b7e80ae40 Unloading class 0x0000023b03ab0ff8 'jdk/internal/jimage/ImageHeader'
Event: 7856.068 Thread 0x0000023b7e80ae40 Unloading class 0x0000023b03ab0dc8 'jdk/internal/jimage/BasicImageReader$2'
Event: 7856.068 Thread 0x0000023b7e80ae40 Unloading class 0x0000023b03ab0b98 'jdk/internal/jimage/BasicImageReader$1'
Event: 7856.068 Thread 0x0000023b7e80ae40 Unloading class 0x0000023b03ab0930 'jdk/internal/jimage/ImageReader$Resource'
Event: 7856.068 Thread 0x0000023b7e80ae40 Unloading class 0x0000023b03ab06c8 'jdk/internal/jimage/ImageReader$LinkNode'
Event: 7856.068 Thread 0x0000023b7e80ae40 Unloading class 0x0000023b03ab0460 'jdk/internal/jimage/ImageReader$Directory'
Event: 7856.068 Thread 0x0000023b7e80ae40 Unloading class 0x0000023b03ab01f8 'jdk/internal/jimage/ImageReader$Node'
Event: 7856.068 Thread 0x0000023b7e80ae40 Unloading class 0x0000023b03ab0000 'jdk/internal/jimage/ImageStrings'
Event: 7856.068 Thread 0x0000023b7e80ae40 Unloading class 0x0000023b048c8b70 'jdk/internal/jimage/ImageReader$SharedImageReader'
Event: 7856.068 Thread 0x0000023b7e80ae40 Unloading class 0x0000023b048c88b0 'jdk/internal/jimage/BasicImageReader'
Event: 7856.068 Thread 0x0000023b7e80ae40 Unloading class 0x0000023b048c8690 'jdk/internal/jimage/ImageReader'
Event: 7856.068 Thread 0x0000023b7e80ae40 Unloading class 0x0000023b048c8468 'jdk/internal/jrtfs/SystemImage$2'
Event: 7856.068 Thread 0x0000023b7e80ae40 Unloading class 0x0000023b03b955d8 'jdk/internal/jrtfs/SystemImage$$Lambda$5211+0x0000023b03b955d8'
Event: 7856.068 Thread 0x0000023b7e80ae40 Unloading class 0x0000023b048c8238 'jdk/internal/jrtfs/ExplodedImage'
Event: 7856.068 Thread 0x0000023b7e80ae40 Unloading class 0x0000023b048c8000 'jdk/internal/jrtfs/SystemImage$1'
Event: 7856.068 Thread 0x0000023b7e80ae40 Unloading class 0x0000023b03b985d8 'jdk/internal/jrtfs/SystemImage'
Event: 7856.068 Thread 0x0000023b7e80ae40 Unloading class 0x0000023b03b95378 'jdk/internal/jrtfs/JrtFileStore'
Event: 7856.068 Thread 0x0000023b7e80ae40 Unloading class 0x0000023b03b95000 'jdk/internal/jrtfs/JrtPath'
Event: 7856.068 Thread 0x0000023b7e80ae40 Unloading class 0x0000023b03b982e0 'jdk/internal/jrtfs/JrtFileSystem'
Event: 7856.068 Thread 0x0000023b7e80ae40 Unloading class 0x0000023b03b98000 'jdk/internal/jrtfs/JrtFileSystemProvider'

Classes redefined (0 events):
No events

Internal exceptions (20 events):
Event: 7851.132 Thread 0x0000023b48bfed60 Exception <a 'sun/nio/fs/WindowsException'{0x0000000721b5ce40}> (0x0000000721b5ce40) 
thrown [s\src\hotspot\share\prims\jni.cpp, line 516]
Event: 7851.134 Thread 0x0000023b48bfed60 Exception <a 'sun/nio/fs/WindowsException'{0x00000007219145d8}> (0x00000007219145d8) 
thrown [s\src\hotspot\share\prims\jni.cpp, line 516]
Event: 7851.136 Thread 0x0000023b48bfed60 Exception <a 'sun/nio/fs/WindowsException'{0x0000000721916a48}> (0x0000000721916a48) 
thrown [s\src\hotspot\share\prims\jni.cpp, line 516]
Event: 7851.138 Thread 0x0000023b48bfed60 Exception <a 'sun/nio/fs/WindowsException'{0x0000000721918ea0}> (0x0000000721918ea0) 
thrown [s\src\hotspot\share\prims\jni.cpp, line 516]
Event: 7851.143 Thread 0x0000023b48bfed60 Exception <a 'sun/nio/fs/WindowsException'{0x000000072191b2d8}> (0x000000072191b2d8) 
thrown [s\src\hotspot\share\prims\jni.cpp, line 516]
Event: 7851.157 Thread 0x0000023b48bfed60 Exception <a 'sun/nio/fs/WindowsException'{0x000000072191d728}> (0x000000072191d728) 
thrown [s\src\hotspot\share\prims\jni.cpp, line 516]
Event: 7851.160 Thread 0x0000023b48bfed60 Exception <a 'sun/nio/fs/WindowsException'{0x000000072191faf8}> (0x000000072191faf8) 
thrown [s\src\hotspot\share\prims\jni.cpp, line 516]
Event: 7851.164 Thread 0x0000023b48bfed60 Exception <a 'sun/nio/fs/WindowsException'{0x00000007216c9ba0}> (0x00000007216c9ba0) 
thrown [s\src\hotspot\share\prims\jni.cpp, line 516]
Event: 7851.174 Thread 0x0000023b48bfed60 Exception <a 'sun/nio/fs/WindowsException'{0x00000007216d4118}> (0x00000007216d4118) 
thrown [s\src\hotspot\share\prims\jni.cpp, line 516]
Event: 7851.196 Thread 0x0000023b48bfed60 Exception <a 'sun/nio/fs/WindowsException'{0x00000007216d69f8}> (0x00000007216d69f8) 
thrown [s\src\hotspot\share\prims\jni.cpp, line 516]
Event: 7851.198 Thread 0x0000023b48bfed60 Exception <a 'sun/nio/fs/WindowsException'{0x0000000721445410}> (0x0000000721445410) 
thrown [s\src\hotspot\share\prims\jni.cpp, line 516]
Event: 7851.200 Thread 0x0000023b48bfed60 Exception <a 'sun/nio/fs/WindowsException'{0x0000000721447d00}> (0x0000000721447d00) 
thrown [s\src\hotspot\share\prims\jni.cpp, line 516]
Event: 7851.204 Thread 0x0000023b48bfed60 Exception <a 'sun/nio/fs/WindowsException'{0x000000072144d9d0}> (0x000000072144d9d0) 
thrown [s\src\hotspot\share\prims\jni.cpp, line 516]
Event: 7851.206 Thread 0x0000023b48bfed60 Exception <a 'sun/nio/fs/WindowsException'{0x0000000721452398}> (0x0000000721452398) 
thrown [s\src\hotspot\share\prims\jni.cpp, line 516]
Event: 7851.208 Thread 0x0000023b48bfed60 Exception <a 'sun/nio/fs/WindowsException'{0x0000000721455458}> (0x0000000721455458) 
thrown [s\src\hotspot\share\prims\jni.cpp, line 516]
Event: 7851.211 Thread 0x0000023b48bfed60 Exception <a 'sun/nio/fs/WindowsException'{0x0000000721458298}> (0x0000000721458298) 
thrown [s\src\hotspot\share\prims\jni.cpp, line 516]
Event: 7851.216 Thread 0x0000023b48bfed60 Exception <a 'sun/nio/fs/WindowsException'{0x000000072145aae0}> (0x000000072145aae0) 
thrown [s\src\hotspot\share\prims\jni.cpp, line 516]
Event: 7851.218 Thread 0x0000023b48bfed60 Exception <a 'sun/nio/fs/WindowsException'{0x000000072145d2c0}> (0x000000072145d2c0) 
thrown [s\src\hotspot\share\prims\jni.cpp, line 516]
Event: 7851.220 Thread 0x0000023b48bfed60 Exception <a 'sun/nio/fs/WindowsException'{0x0000000721461430}> (0x0000000721461430) 
thrown [s\src\hotspot\share\prims\jni.cpp, line 516]
Event: 7859.191 Thread 0x0000023b3e805500 Exception <a 'sun/nio/fs/WindowsException'{0x000000072d09e048}> (0x000000072d09e048) 
thrown [s\src\hotspot\share\prims\jni.cpp, line 516]

VM Operations (20 events):
Event: 7859.099 Executing VM operation: G1PauseRemark done
Event: 7859.353 Executing VM operation: G1PauseCleanup
Event: 7859.354 Executing VM operation: G1PauseCleanup done
Event: 7860.365 Executing VM operation: G1CollectForAllocation
Event: 7860.392 Executing VM operation: G1CollectForAllocation done
Event: 7860.804 Executing VM operation: G1CollectForAllocation
Event: 7860.818 Executing VM operation: G1CollectForAllocation done
Event: 7861.832 Executing VM operation: Cleanup
Event: 7861.847 Executing VM operation: Cleanup done
Event: 7861.866 Executing VM operation: G1TryInitiateConcMark
Event: 7862.892 Executing VM operation: G1TryInitiateConcMark done
Event: 7862.916 Executing VM operation: HandshakeAllThreads
Event: 7862.962 Executing VM operation: HandshakeAllThreads done
Event: 7863.970 Executing VM operation: Cleanup
Event: 7863.971 Executing VM operation: Cleanup done
Event: 7864.978 Executing VM operation: Cleanup
Event: 7864.993 Executing VM operation: Cleanup done
Event: 7865.063 Executing VM operation: G1CollectForAllocation
Event: 7865.090 Executing VM operation: G1CollectForAllocation done
Event: 7865.748 Executing VM operation: G1CollectForAllocation

Memory protections (0 events):
No events

Nmethod flushes (20 events):
Event: 7863.074 Thread 0x0000023b7e83ab60 flushing  nmethod 0x0000023b68f92590
Event: 7863.075 Thread 0x0000023b7e83ab60 flushing  nmethod 0x0000023b68fe6290
Event: 7863.077 Thread 0x0000023b7e83ab60 flushing  nmethod 0x0000023b6917be90
Event: 7863.077 Thread 0x0000023b7e83ab60 flushing  nmethod 0x0000023b69181810
Event: 7863.078 Thread 0x0000023b7e83ab60 flushing  nmethod 0x0000023b691ec890
Event: 7863.078 Thread 0x0000023b7e83ab60 flushing  nmethod 0x0000023b691ecc90
Event: 7863.078 Thread 0x0000023b7e83ab60 flushing  nmethod 0x0000023b6923f210
Event: 7863.078 Thread 0x0000023b7e83ab60 flushing  nmethod 0x0000023b6923fa90
Event: 7863.079 Thread 0x0000023b7e83ab60 flushing  nmethod 0x0000023b692c9910
Event: 7863.079 Thread 0x0000023b7e83ab60 flushing  nmethod 0x0000023b692cfa10
Event: 7863.079 Thread 0x0000023b7e83ab60 flushing  nmethod 0x0000023b692d6390
Event: 7863.080 Thread 0x0000023b7e83ab60 flushing  nmethod 0x0000023b693bf090
Event: 7863.082 Thread 0x0000023b7e83ab60 flushing  nmethod 0x0000023b69552b10
Event: 7863.083 Thread 0x0000023b7e83ab60 flushing  nmethod 0x0000023b69634090
Event: 7863.085 Thread 0x0000023b7e83ab60 flushing  nmethod 0x0000023b697c4f10
Event: 7863.089 Thread 0x0000023b7e83ab60 flushing  nmethod 0x0000023b69ad5c90
Event: 7863.091 Thread 0x0000023b7e83ab60 flushing  nmethod 0x0000023b69c7e690
Event: 7863.091 Thread 0x0000023b7e83ab60 flushing  nmethod 0x0000023b69cace10
Event: 7863.091 Thread 0x0000023b7e83ab60 flushing  nmethod 0x0000023b69cc8a10
Event: 7863.092 Thread 0x0000023b7e83ab60 flushing  nmethod 0x0000023b69d87390

Events (20 events):
Event: 7825.065 Thread 0x0000023b3f7f76f0 Thread exited: 0x0000023b3f7f76f0
Event: 7825.184 Thread 0x0000023b41182300 Thread exited: 0x0000023b41182300
Event: 7845.461 Thread 0x0000023b478a3ed0 Thread exited: 0x0000023b478a3ed0
Event: 7847.845 Thread 0x0000023b7e837e90 Thread added: 0x0000023b47db6980
Event: 7849.389 Thread 0x0000023b47db6980 Thread exited: 0x0000023b47db6980
Event: 7850.277 Thread 0x0000023b3f7f71e0 Thread added: 0x0000023b400389c0
Event: 7852.283 Thread 0x0000023b49323a80 Thread exited: 0x0000023b49323a80
Event: 7855.315 Thread 0x0000023b7e8396e0 Thread added: 0x0000023b47db5ee0
Event: 7855.704 Thread 0x0000023b47db5ee0 Thread exited: 0x0000023b47db5ee0
Event: 7855.925 Thread 0x0000023b40ebe730 Thread added: 0x0000023b4ab39780
Event: 7855.959 Thread 0x0000023b4ab39780 Thread added: 0x0000023b3f7f76f0
Event: 7856.496 Thread 0x0000023b3f7f76f0 Thread added: 0x0000023b48bfd410
Event: 7856.502 Thread 0x0000023b7e8396e0 Thread added: 0x0000023b47db5ee0
Event: 7856.503 Thread 0x0000023b7efb31f0 Thread exited: 0x0000023b7efb31f0
Event: 7856.536 Thread 0x0000023b48bfd410 Thread added: 0x0000023b40ebc8d0
Event: 7856.576 Thread 0x0000023b40ebc8d0 Thread added: 0x0000023b7efb31f0
Event: 7856.613 Thread 0x0000023b7efb31f0 Thread added: 0x0000023b40ebec40
Event: 7856.892 Thread 0x0000023b40ebec40 Thread added: 0x0000023b50c7c9b0
Event: 7856.943 Thread 0x0000023b50c7c9b0 Thread added: 0x0000023b3ee82630
Event: 7860.095 Thread 0x0000023b47db5ee0 Thread exited: 0x0000023b47db5ee0


Dynamic libraries:
0x00007ff6a0ed0000 - 0x00007ff6a0ede000 	C:\Program Files\Microsoft\jdk-17.0.17.10-hotspot\bin\java.exe
0x00007ffeabae0000 - 0x00007ffeabd47000 	C:\WINDOWS\SYSTEM32\ntdll.dll
0x00007ffeaadf0000 - 0x00007ffeaaeb9000 	C:\WINDOWS\System32\KERNEL32.DLL
0x00007ffea8f90000 - 0x00007ffea9381000 	C:\WINDOWS\System32\KERNELBASE.dll
0x00007ffea9670000 - 0x00007ffea97bb000 	C:\WINDOWS\System32\ucrtbase.dll
0x00007ffe9b7f0000 - 0x00007ffe9b808000 	C:\Program Files\Microsoft\jdk-17.0.17.10-hotspot\bin\jli.dll
0x00007ffe9de50000 - 0x00007ffe9de6e000 	C:\Program Files\Microsoft\jdk-17.0.17.10-hotspot\bin\VCRUNTIME140.dll
0x00007ffeaa9e0000 - 0x00007ffeaaba5000 	C:\WINDOWS\System32\USER32.dll
0x00007ffe984b0000 - 0x00007ffe98743000 	C:\WINDOWS\WinSxS\amd64_microsoft.windows.common-controls_6595b64144ccf1df_6.0.26100.8037_none_3e092faae333b53b\COMCTL32.dll
0x00007ffea9390000 - 0x00007ffea93b7000 	C:\WINDOWS\System32\win32u.dll
0x00007ffea9df0000 - 0x00007ffea9e99000 	C:\WINDOWS\System32\msvcrt.dll
0x00007ffeaac00000 - 0x00007ffeaac2b000 	C:\WINDOWS\System32\GDI32.dll
0x00007ffea83c0000 - 0x00007ffea84eb000 	C:\WINDOWS\System32\gdi32full.dll
0x00007ffea84f0000 - 0x00007ffea8593000 	C:\WINDOWS\System32\msvcp_win.dll
0x00007ffeaabb0000 - 0x00007ffeaabe1000 	C:\WINDOWS\System32\IMM32.DLL
0x00007ffe9b100000 - 0x00007ffe9b10c000 	C:\Program Files\Microsoft\jdk-17.0.17.10-hotspot\bin\vcruntime140_1.dll
0x00007ffe78f50000 - 0x00007ffe78fd9000 	C:\Program Files\Microsoft\jdk-17.0.17.10-hotspot\bin\msvcp140.dll
0x00007ffe05d70000 - 0x00007ffe069ea000 	C:\Program Files\Microsoft\jdk-17.0.17.10-hotspot\bin\server\jvm.dll
0x00007ffeab400000 - 0x00007ffeab4bb000 	C:\WINDOWS\System32\ADVAPI32.dll
0x00007ffeab660000 - 0x00007ffeab707000 	C:\WINDOWS\System32\sechost.dll
0x00007ffeab2e0000 - 0x00007ffeab3f8000 	C:\WINDOWS\System32\RPCRT4.dll
0x00007ffeab4d0000 - 0x00007ffeab544000 	C:\WINDOWS\System32\WS2_32.dll
0x00007ffea8220000 - 0x00007ffea827e000 	C:\WINDOWS\SYSTEM32\POWRPROF.dll
0x00007ffe9f7e0000 - 0x00007ffe9f815000 	C:\WINDOWS\SYSTEM32\WINMM.dll
0x00007ffe997f0000 - 0x00007ffe997fb000 	C:\WINDOWS\SYSTEM32\VERSION.dll
0x00007ffea8200000 - 0x00007ffea8214000 	C:\WINDOWS\SYSTEM32\UMPDC.dll
0x00007ffea7150000 - 0x00007ffea716b000 	C:\WINDOWS\SYSTEM32\kernel.appcore.dll
0x00007ffe9b0f0000 - 0x00007ffe9b0fa000 	C:\Program Files\Microsoft\jdk-17.0.17.10-hotspot\bin\jimage.dll
0x00007ffea6210000 - 0x00007ffea6452000 	C:\WINDOWS\SYSTEM32\DBGHELP.DLL
0x00007ffeab710000 - 0x00007ffeaba92000 	C:\WINDOWS\System32\combase.dll
0x00007ffeab0c0000 - 0x00007ffeab197000 	C:\WINDOWS\System32\OLEAUT32.dll
0x00007ffe96a30000 - 0x00007ffe96a6b000 	C:\WINDOWS\SYSTEM32\dbgcore.DLL
0x00007ffea9530000 - 0x00007ffea95d5000 	C:\WINDOWS\System32\bcryptPrimitives.dll
0x00007ffe9ac20000 - 0x00007ffe9ac2f000 	C:\Program Files\Microsoft\jdk-17.0.17.10-hotspot\bin\instrument.dll
0x00007ffe9af90000 - 0x00007ffe9afb6000 	C:\Program Files\Microsoft\jdk-17.0.17.10-hotspot\bin\java.dll
0x00007ffe726c0000 - 0x00007ffe72796000 	C:\Program Files\Microsoft\jdk-17.0.17.10-hotspot\bin\jsvml.dll
0x00007ffea9f10000 - 0x00007ffeaa66f000 	C:\WINDOWS\System32\SHELL32.dll
0x00007ffea93c0000 - 0x00007ffea952a000 	C:\WINDOWS\System32\wintypes.dll
0x00007ffea8720000 - 0x00007ffea8f84000 	C:\WINDOWS\System32\windows.storage.dll
0x00007ffeaa8e0000 - 0x00007ffeaa9d7000 	C:\WINDOWS\System32\SHCORE.dll
0x00007ffea9ea0000 - 0x00007ffea9f07000 	C:\WINDOWS\System32\shlwapi.dll
0x00007ffea82e0000 - 0x00007ffea8309000 	C:\WINDOWS\SYSTEM32\profapi.dll
0x00007ffe9a5a0000 - 0x00007ffe9a5b8000 	C:\Program Files\Microsoft\jdk-17.0.17.10-hotspot\bin\zip.dll
0x00007ffe9af10000 - 0x00007ffe9af2b000 	C:\Program Files\Microsoft\jdk-17.0.17.10-hotspot\bin\net.dll
0x00007ffe9eb80000 - 0x00007ffe9eca7000 	C:\WINDOWS\SYSTEM32\WINHTTP.dll
0x00007ffea76c0000 - 0x00007ffea772b000 	C:\WINDOWS\system32\mswsock.dll
0x00007ffe9aec0000 - 0x00007ffe9aed6000 	C:\Program Files\Microsoft\jdk-17.0.17.10-hotspot\bin\nio.dll
0x00007ffe9dd60000 - 0x00007ffe9dd70000 	C:\Program Files\Microsoft\jdk-17.0.17.10-hotspot\bin\verify.dll
0x00007ffe9a5d0000 - 0x00007ffe9a5f7000 	C:\Users\Yuvarajsinh07\.gradle\native\1def1411415f61bf3af743bc5b6707747c0891f09f0c88961ee8f79bc544acac\windows-amd64\native-platform.dll
0x00007ffe84790000 - 0x00007ffe84807000 	C:\Users\Yuvarajsinh07\.gradle\native\0.2.8\x86_64-windows-gnu\gradle-fileevents.dll
0x00007ffe9ad80000 - 0x00007ffe9ad8a000 	C:\Program Files\Microsoft\jdk-17.0.17.10-hotspot\bin\management.dll
0x00007ffe90be0000 - 0x00007ffe90bec000 	C:\Program Files\Microsoft\jdk-17.0.17.10-hotspot\bin\management_ext.dll
0x00007ffeaaed0000 - 0x00007ffeaaed8000 	C:\WINDOWS\System32\PSAPI.DLL
0x00007ffea6b40000 - 0x00007ffea6b73000 	C:\WINDOWS\SYSTEM32\IPHLPAPI.DLL
0x00007ffeaaec0000 - 0x00007ffeaaeca000 	C:\WINDOWS\System32\NSI.dll
0x00007ffea2eb0000 - 0x00007ffea2ecd000 	C:\WINDOWS\SYSTEM32\dhcpcsvc6.DLL
0x00007ffea2e60000 - 0x00007ffea2e83000 	C:\WINDOWS\SYSTEM32\dhcpcsvc.DLL
0x00007ffea6bd0000 - 0x00007ffea6cfa000 	C:\WINDOWS\SYSTEM32\DNSAPI.dll
0x00007ffe87ee0000 - 0x00007ffe87ee9000 	C:\Program Files\Microsoft\jdk-17.0.17.10-hotspot\bin\extnet.dll
0x00007ffea79b0000 - 0x00007ffea79cb000 	C:\WINDOWS\SYSTEM32\CRYPTSP.dll
0x00007ffea70b0000 - 0x00007ffea70e9000 	C:\WINDOWS\system32\rsaenh.dll
0x00007ffea7770000 - 0x00007ffea77a2000 	C:\WINDOWS\SYSTEM32\USERENV.dll
0x00007ffea82b0000 - 0x00007ffea82da000 	C:\WINDOWS\SYSTEM32\bcrypt.dll
0x00007ffea79a0000 - 0x00007ffea79ac000 	C:\WINDOWS\SYSTEM32\CRYPTBASE.dll
0x00007ffe8f100000 - 0x00007ffe8f10e000 	C:\Program Files\Microsoft\jdk-17.0.17.10-hotspot\bin\sunmscapi.dll
0x00007ffea85a0000 - 0x00007ffea8717000 	C:\WINDOWS\System32\CRYPT32.dll
0x00007ffea7bc0000 - 0x00007ffea7bf0000 	C:\WINDOWS\SYSTEM32\ncrypt.dll
0x00007ffea7b70000 - 0x00007ffea7baf000 	C:\WINDOWS\SYSTEM32\NTASN1.dll
0x00007ffe96ca0000 - 0x00007ffe96ca8000 	C:\WINDOWS\system32\wshunix.dll
0x00007ffe9a5c0000 - 0x00007ffe9a5c7000 	C:\Program Files\Microsoft\jdk-17.0.17.10-hotspot\bin\rmi.dll
0x00007ffea7270000 - 0x00007ffea72a6000 	C:\WINDOWS\SYSTEM32\ntmarta.dll

dbghelp: loaded successfully - version: 4.0.5 - missing functions: none
symbol engine: initialized successfully - sym options: 0x614 - pdb path: .;C:\Program Files\Microsoft\jdk-17.0.17.10-hotspot\bin;C:\WINDOWS\SYSTEM32;C:\WINDOWS\WinSxS\amd64_microsoft.windows.common-controls_6595b64144ccf1df_6.0.26100.8037_none_3e092faae333b53b;C:\Program Files\Microsoft\jdk-17.0.17.10-hotspot\bin\server;C:\Users\Yuvarajsinh07\.gradle\native\1def1411415f61bf3af743bc5b6707747c0891f09f0c88961ee8f79bc544acac\windows-amd64;C:\Users\Yuvarajsinh07\.gradle\native\0.2.8\x86_64-windows-gnu

VM Arguments:
jvm_args: --add-opens=java.base/java.lang=ALL-UNNAMED --add-opens=java.base/java.lang.invoke=ALL-UNNAMED --add-opens=java.base/java.util=ALL-UNNAMED --add-opens=java.prefs/java.util.prefs=ALL-UNNAMED --add-exports=jdk.compiler/com.sun.tools.javac.api=ALL-UNNAMED --add-exports=jdk.compiler/com.sun.tools.javac.util=ALL-UNNAMED --add-opens=java.base/java.util=ALL-UNNAMED --add-opens=java.prefs/java.util.prefs=ALL-UNNAMED --add-opens=java.base/java.nio.charset=ALL-UNNAMED --add-opens=java.base/java.net=ALL-UNNAMED --add-opens=java.base/java.util.concurrent=ALL-UNNAMED --add-opens=java.base/java.util.concurrent.atomic=ALL-UNNAMED --add-opens=java.xml/javax.xml.namespace=ALL-UNNAMED -XX:MaxMetaspaceSize=1024m -Xmx4096m -Dfile.encoding=windows-1252 -Duser.country=IN -Duser.language=en -Duser.variant -javaagent:C:\Users\Yuvarajsinh07\.gradle\wrapper\dists\gradle-9.0.0-bin\d6wjpkvcgsg3oed0qlfss3wgl\gradle-9.0.0\lib\agents\gradle-instrumentation-agent-9.0.0.jar 
java_command: org.gradle.launcher.daemon.bootstrap.GradleDaemon 9.0.0
java_class_path (initial): C:\Users\Yuvarajsinh07\.gradle\wrapper\dists\gradle-9.0.0-bin\d6wjpkvcgsg3oed0qlfss3wgl\gradle-9.0.0\lib\gradle-daemon-main-9.0.0.jar
Launcher Type: SUN_STANDARD

[Global flags]
     intx CICompilerCount                          = 4                                         {product} {ergonomic}
   size_t CompressedClassSpaceSize                 = 872415232                                 {product} {ergonomic}
     uint ConcGCThreads                            = 2                                         {product} {ergonomic}
     uint G1ConcRefinementThreads                  = 8                                         {product} {ergonomic}
   size_t G1HeapRegionSize                         = 2097152                                   {product} {ergonomic}
    uintx GCDrainStackTargetSize                   = 64                                        {product} {ergonomic}
   size_t InitialHeapSize                          = 121634816                                 {product} {ergonomic}
   size_t MarkStackSize                            = 4194304                                   {product} {ergonomic}
   size_t MaxHeapSize                              = 4294967296                                {product} {command line}
   size_t MaxMetaspaceSize                         = 1073741824                                {product} {command line}
   size_t MaxNewSize                               = 2575302656                                {product} {ergonomic}
   size_t MinHeapDeltaBytes                        = 2097152                                   {product} {ergonomic}
   size_t MinHeapSize                              = 8388608                                   {product} {ergonomic}
    uintx NonNMethodCodeHeapSize                   = 5839372                                {pd product} {ergonomic}
    uintx NonProfiledCodeHeapSize                  = 122909434                              {pd product} {ergonomic}
    uintx ProfiledCodeHeapSize                     = 122909434                              {pd product} {ergonomic}
    uintx ReservedCodeCacheSize                    = 251658240                              {pd product} {ergonomic}
     bool SegmentedCodeCache                       = true                                      {product} {ergonomic}
   size_t SoftMaxHeapSize                          = 4294967296                             {manageable} {ergonomic}
     bool UseCompressedClassPointers               = true                           {product lp64_product} {ergonomic}
     bool UseCompressedOops                        = true                           {product lp64_product} {ergonomic}
     bool UseG1GC                                  = true                                      {product} {ergonomic}
     bool UseLargePagesIndividualAllocation        = false                                  {pd product} {ergonomic}

Logging:
Log output configuration:
 #0: stdout all=warning uptime,level,tags
 #1: stderr all=off uptime,level,tags

Environment Variables:
JAVA_HOME=C:\Program Files\Microsoft\jdk-17.0.17.10-hotspot
PATH=c:\Users\Yuvarajsinh07\AppData\Roaming\Code\User\globalStorage\github.copilot-chat\debugCommand;c:\Users\Yuvarajsinh07\AppData\Roaming\Code\User\globalStorage\github.copilot-chat\copilotCli;C:\Users\Yuvarajsinh07\AppData\Local\Programs\Microsoft VS Code;C:\WINDOWS\system32;C:\WINDOWS;C:\WINDOWS\System32\Wbem;C:\WINDOWS\System32\WindowsPowerShell\v1.0\;C:\WINDOWS\System32\OpenSSH\;C:\Program Files\dotnet\;C:\Program Files\Git\cmd;C:\ProgramData\chocolatey\bin;C:\Program Files\Microsoft\jdk-17.0.17.10-hotspot\bin;C:\Program Files\Microsoft\jdk-17.0.17.10-hotspot\bin;C:\Program Files\nodejs\;C:\WINDOWS\system32;C:\WINDOWS;C:\WINDOWS\System32\Wbem;C:\WINDOWS\System32\WindowsPowerShell\v1.0\;C:\WINDOWS\System32\OpenSSH\;C:\Program Files\dotnet\;C:\Program Files\Git\cmd;C:\ProgramData\chocolatey\bin;C:\Program Files\Microsoft\jdk-17.0.17.10-hotspot\bin;C:\Program Files\Microsoft\jdk-17.0.17.10-hotspot\bin;C:\Program Files\nodejs\;C:\Program Files\Microsoft\jdk-17.0.17.10-hotspot\bin;C:\Users\Yuvarajsinh07\AppData\Local\Programs\Microsoft VS Code\bin;C:\Users\Yuvarajsinh07\AppData\Local\Android\Sdk\platform-tools;C:\Users\Yuvarajsinh07\AppData\Roaming\npm
USERNAME=Yuvarajsinh07
LANG=en_US.UTF-8
OS=Windows_NT
PROCESSOR_IDENTIFIER=AMD64 Family 23 Model 160 Stepping 0, AuthenticAMD
TMP=C:\Users\YUVARA~1\AppData\Local\Temp
TEMP=C:\Users\YUVARA~1\AppData\Local\Temp



Periodic native trim disabled


---------------  S Y S T E M  ---------------

OS:
 Windows 11 , 64 bit Build 26100 (10.0.26100.7920)
OS uptime: 5 days 22:26 hours
Hyper-V role detected

CPU: total 8 (initial active 8) (8 cores per cpu, 2 threads per core) family 23 model 160 stepping 0 microcode 0x8a0000b, cx8, cmov, fxsr, ht, mmx, 3dnowpref, sse, sse2, sse3, ssse3, sse4a, sse4.1, sse4.2, popcnt, lzcnt, tsc, tscinvbit, avx, avx2, aes, clmul, bmi1, bmi2, adx, sha, fma, vzeroupper, clflush, clflushopt, hv
Processor Information for the first 8 processors :
  Max Mhz: 2801, Current Mhz: 2483, Mhz Limit: 2801

Memory: 4k page, system-wide physical 7379M (800M free)
TotalPageFile size 29907M (AvailPageFile size 0M)
current process WorkingSet (physical memory assigned to process): 861M, peak: 1105M
current process commit charge ("private bytes"): 2773M, peak: 2790M

vm_info: OpenJDK 64-Bit Server VM (17.0.17+10-LTS) for windows-amd64 JRE (17.0.17+10-LTS), built on Oct 13 2025 22:19:56 by "MicrosoftCorporation" with unknown MS VC++:1944

END.
